repo_name,commit_num,commit,code_slice,classification,result_two_steps,reasoning,commit_actual_malicious,commit_pred_malicious
KMike,3,c5401,NEW@<module>@ransomware_basic_functionality___main__.py_slice.py,Core Attack Chain,Full Attack Chain,no ransom note,False,True
KMike,3,c5401,NEW@<module>@ransomware_basic_functionality_decrypt_files.py_slice.py,Benign,Benign,,False,True
KMike,3,c5401,NEW@<module>@ransomware_basic_functionality_utils.py_slice.py,Core Attack Chain,Core Attack Chain,,False,True
KMike,3,c5401,NEW@<module>@ransomware_basic_functionality_encrypt_files.py_slice.py,Core Attack Chain,Full Attack Chain,no ransom note,False,True
KMike,4,4e187,NEW@<module>@ransomware_basic_functionality___main__.py_slice.py,Core Attack Chain,Full Attack Chain,no ransom note,False,True
KMike,4,4e187,NEW@<module>@ransomware_basic_functionality_decrypt_files.py_slice.py,Benign,Benign,,False,True
KMike,4,4e187,NEW@<module>@ransomware_basic_functionality_utils.py_slice.py,Core Attack Chain,Core Attack Chain,,False,True
KMike,4,4e187,NEW@<module>@ransomware_basic_functionality_encrypt_files.py_slice.py,Core Attack Chain,Core Attack Chain,,False,True
KMike,5,d08a2,NEW@<module>@ransomware_basic_functionality___main__.py_slice.py,Core Attack Chain,Full Attack Chain,no ransom note,False,True
KMike,5,d08a2,NEW@<module>@ransomware_basic_functionality_decrypt_files.py_slice.py,Benign,Benign,,False,True
KMike,5,d08a2,NEW@<module>@ransomware_basic_functionality_utils.py_slice.py,Core Attack Chain,Core Attack Chain,,False,True
KMike,5,d08a2,NEW@<module>@ransomware_basic_functionality_encrypt_files.py_slice.py,Core Attack Chain,Core Attack Chain,,False,True
KMike,6,e3a63,NEW@<module>@ransomware_basic_functionality___main__.py_slice.py,Core Attack Chain,Full Attack Chain,no ransom note,False,True
KMike,6,e3a63,NEW@<module>@c_and_c_server_server.py_slice.py,Core Attack Chain,Core Attack Chain,,False,True
KMike,6,e3a63,NEW@<body>@c_and_c_server_server.py_slice.py,Core Attack Chain,Core Attack Chain,,False,True
KMike,6,e3a63,NEW@<module>@c_and_c_server_RSA.py_slice.py,Undetermined,Undetermined,,False,True
KMike,6,e3a63,NEW@<module>@helper_scripts_master_key_pair_gen.py_slice.py,Core Attack Chain,Core Attack Chain,,False,True
KMike,6,e3a63,NEW@<module>@ransomware_basic_functionality_decrypt_files.py_slice.py,Core Attack Chain,Core Attack Chain,,False,True
KMike,6,e3a63,NEW@<module>@ransomware_basic_functionality_utils.py_slice.py,Core Attack Chain,Core Attack Chain,,False,True
KMike,6,e3a63,NEW@<body>@c_and_c_server_RSA.py_slice.py,Undetermined,Undetermined,,False,True
KMike,6,e3a63,NEW@<module>@ransomware_basic_functionality_encrypt_files.py_slice.py,Core Attack Chain,Core Attack Chain,,False,True
KMike,6,e3a63,NEW@hello_world@c_and_c_server_server.py_slice.py,Core Attack Chain,Core Attack Chain,,False,True
KMike,7,8fb52,<module>@ransomware_basic_functionality_encrypt_files.py_slice.py,Core Attack Chain,Core Attack Chain,,False,True
KMike,7,8fb52,<module>@ransomware_basic_functionality_utils.py_slice.py,Core Attack Chain,Core Attack Chain,,False,True
KMike,7,8fb52,NEW@<module>@ransomware_basic_functionality___main__.py_slice.py,Core Attack Chain,Full Attack Chain,no ransom note,False,True
KMike,7,8fb52,NEW@<module>@c_and_c_server_server.py_slice.py,Undetermined,Full Attack Chain,no malice,False,True
KMike,7,8fb52,NEW@<module>@ransomware_basic_functionality_decrypt_files.py_slice.py,Core Attack Chain,Core Attack Chain,,False,True
KMike,7,8fb52,<module>@helper_scripts_master_key_pair_gen.py_slice.py,Core Attack Chain,Core Attack Chain,,False,True
KMike,7,8fb52,NEW@hello_world@c_and_c_server_server.py_slice.py,Undetermined,Undetermined,,False,True
KMike,8,15cec,<module>@ransomware_basic_functionality_encrypt_files.py_slice.py,Core Attack Chain,Core Attack Chain,,False,True
KMike,8,15cec,<module>@ransomware_basic_functionality_utils.py_slice.py,Core Attack Chain,Core Attack Chain,,False,True
KMike,8,15cec,NEW@<module>@ransomware_basic_functionality___main__.py_slice.py,Core Attack Chain,Full Attack Chain,no ransom note,False,True
KMike,8,15cec,hello_world@c_and_c_server_server.py_slice.py,Undetermined,Undetermined,,False,True
KMike,8,15cec,NEW@<module>@ransomware_basic_functionality_decrypt_files.py_slice.py,Core Attack Chain,Core Attack Chain,,False,True
KMike,8,15cec,<module>@helper_scripts_master_key_pair_gen.py_slice.py,Core Attack Chain,Core Attack Chain,,False,True
KMike,8,15cec,<module>@c_and_c_server_server.py_slice.py,Undetermined,Full Attack Chain,,False,True
KMike,9,dd6c0,NEW@<module>@ransomware_basic_functionality___main__.py_slice.py,Core Attack Chain,Full Attack Chain,no ransom note,False,True
KMike,9,dd6c0,NEW@<module>@c_and_c_server_server.py_slice.py,Core Attack Chain,Full Attack Chain,server error,False,True
KMike,9,dd6c0,NEW@<module>@ransomware_basic_functionality_comms.py_slice.py,Undetermined,Undetermined,,False,True
KMike,9,dd6c0,NEW@<module>@ransomware_basic_functionality_decrypt_files.py_slice.py,Core Attack Chain,Core Attack Chain,,False,True
KMike,9,dd6c0,<module>@helper_scripts_master_key_pair_gen.py_slice.py,Core Attack Chain,Core Attack Chain,,False,True
KMike,9,dd6c0,NEW@<module>@ransomware_basic_functionality_utils.py_slice.py,Benign,Benign,,False,True
KMike,9,dd6c0,NEW@<module>@ransomware_basic_functionality_encrypt_files.py_slice.py,Core Attack Chain,Core Attack Chain,,False,True
KMike,9,dd6c0,NEW@hello_world@c_and_c_server_server.py_slice.py,Core Attack Chain,Full Attack Chain,server error,False,True
KMike,10,f9b65,NEW@<module>@ransomware_basic_functionality___main__.py_slice.py,Core Attack Chain,Full Attack Chain,server error,False,True
KMike,10,f9b65,NEW@<module>@c_and_c_server_server.py_slice.py,Undetermined,Undetermined,,False,True
KMike,10,f9b65,NEW@<module>@c_and_c_server_asymmetric_encryption.py_slice.py,Undetermined,Undetermined,,False,True
KMike,10,f9b65,NEW@process@c_and_c_server_server.py_slice.py,Core Attack Chain,Core Attack Chain,,False,True
KMike,10,f9b65,NEW@<module>@ransomware_basic_functionality_comms.py_slice.py,Core Attack Chain,Core Attack Chain,,False,True
KMike,10,f9b65,NEW@<module>@ransomware_basic_functionality_decrypt_files.py_slice.py,Core Attack Chain,Core Attack Chain,,False,True
KMike,10,f9b65,<module>@helper_scripts_master_key_pair_gen.py_slice.py,Core Attack Chain,Core Attack Chain,,False,True
KMike,10,f9b65,NEW@<module>@ransomware_basic_functionality_utils.py_slice.py,Benign,Benign,,False,True
KMike,10,f9b65,NEW@<module>@ransomware_basic_functionality_encrypt_files.py_slice.py,Core Attack Chain,Core Attack Chain,,False,True
KMike,11,53197,NEW@<module>@ransomware_basic_functionality___main__.py_slice.py,Core Attack Chain,Full Attack Chain,server error,False,True
KMike,11,53197,NEW@<module>@c_and_c_server_server.py_slice.py,Core Attack Chain,Core Attack Chain,,False,True
KMike,11,53197,NEW@process@c_and_c_server_server.py_slice.py,Core Attack Chain,Core Attack Chain,,False,True
KMike,11,53197,NEW@<module>@ransomware_basic_functionality_decrypt_files.py_slice.py,Core Attack Chain,Core Attack Chain,,False,True
KMike,11,53197,<module>@helper_scripts_master_key_pair_gen.py_slice.py,Core Attack Chain,Core Attack Chain,,False,True
KMike,11,53197,NEW@<module>@ransomware_basic_functionality_utils.py_slice.py,Benign,Benign,,False,True
KMike,11,53197,<module>@c_and_c_server_asymmetric_encryption.py_slice.py,Undetermined,Undetermined,,False,True
KMike,11,53197,<module>@ransomware_basic_functionality_comms.py_slice.py,Core Attack Chain,Core Attack Chain,,False,True
KMike,11,53197,NEW@<module>@ransomware_basic_functionality_encrypt_files.py_slice.py,Core Attack Chain,Full Attack Chain,server error,False,True
KMike,12,647fe,NEW@<module>@ransomware_core_decrypt_files.py_slice.py,Core Attack Chain,Core Attack Chain,,False,True
KMike,12,647fe,process@c_and_c_server_server.py_slice.py,Core Attack Chain,Core Attack Chain,,False,True
KMike,12,647fe,NEW@<module>@ransomware_core___main__.py_slice.py,Core Attack Chain,Full Attack Chain,server error,False,True
KMike,12,647fe,NEW@<module>@helper_scripts_master_key_pair_gen.py_slice.py,Core Attack Chain,Core Attack Chain,,False,True
KMike,12,647fe,NEW@<module>@ransomware_core_comms.py_slice.py,Core Attack Chain,Core Attack Chain,,False,True
KMike,12,647fe,NEW@<module>@ransomware_core_encrypt_files.py_slice.py,Core Attack Chain,Full Attack Chain,server error,False,True
KMike,12,647fe,NEW@<module>@ransomware_core_utils.py_slice.py,Core Attack Chain,Core Attack Chain,,False,True
KMike,12,647fe,<module>@c_and_c_server_server.py_slice.py,Core Attack Chain,Core Attack Chain,,False,True
KMike,12,647fe,<module>@c_and_c_server_asymmetric_encryption.py_slice.py,Undetermined,Undetermined,,False,True
KMike,14,62b21,NEW@<module>@ransomware_core_comms_payment.py_slice.py,Undetermined,Undetermined,,False,True
KMike,14,62b21,NEW@initialise@c_and_c_server_server.py_slice.py,Core Attack Chain,Core Attack Chain,,False,True
KMike,14,62b21,NEW@<module>@c_and_c_server_db.py_slice.py,Core Attack Chain,Core Attack Chain,,False,True
KMike,14,62b21,NEW@<module>@c_and_c_server_server.py_slice.py,Core Attack Chain,Full Attack Chain,server error,False,True
KMike,14,62b21,NEW@<module>@c_and_c_server_payment.py_slice.py,Core Attack Chain,Core Attack Chain,,False,True
KMike,14,62b21,NEW@<body>@ransomware_core_crypto_asymmetric_encryption.py_slice.py,Core Attack Chain,Full Attack Chain,server error,False,True
KMike,14,62b21,<module>@helper_scripts_master_key_pair_gen.py_slice.py,Core Attack Chain,Core Attack Chain,,False,True
KMike,14,62b21,<module>@ransomware_core_decrypt_files.py_slice.py,Benign,Benign,,False,True
KMike,14,62b21,NEW@<module>@ransomware_core_utils.py_slice.py,Benign,Benign,,False,True
KMike,14,62b21,NEW@<module>@c_and_c_server_utils.py_slice.py,Core Attack Chain,Full Attack Chain,server error,False,True
KMike,14,62b21,NEW@<body>@c_and_c_server_asymmetric_encryption.py_slice.py,Core Attack Chain,Full Attack Chain,server error,False,True
KMike,14,62b21,NEW@<module>@ransomware_core_comms_decrypt.py_slice.py,Undetermined,Undetermined,,False,True
KMike,14,62b21,<module>@c_and_c_server_asymmetric_encryption.py_slice.py,Undetermined,Undetermined,,False,True
KMike,15,abafd,NEW@<module>@ransomware_core_comms_payment.py_slice.py,Undetermined,Undetermined,,False,True
KMike,15,abafd,NEW@<module>@ransomware_core_decrypt_files.py_slice.py,Core Attack Chain,Core Attack Chain,,False,True
KMike,15,abafd,NEW@initialise@c_and_c_server_server.py_slice.py,Core Attack Chain,Full Attack Chain,server error,False,True
KMike,15,abafd,NEW@<module>@c_and_c_server_db.py_slice.py,Core Attack Chain,Core Attack Chain,,False,True
KMike,15,abafd,NEW@<module>@c_and_c_server_server.py_slice.py,Core Attack Chain,Core Attack Chain,,False,True
KMike,15,abafd,NEW@<module>@c_and_c_server_payment.py_slice.py,Core Attack Chain,Core Attack Chain,,False,True
KMike,15,abafd,NEW@<body>@ransomware_core_crypto_asymmetric_encryption.py_slice.py,Core Attack Chain,Full Attack Chain,server error,False,True
KMike,15,abafd,<module>@helper_scripts_master_key_pair_gen.py_slice.py,Core Attack Chain,Core Attack Chain,,False,True
KMike,15,abafd,NEW@<module>@ransomware_core_utils.py_slice.py,Core Attack Chain,Core Attack Chain,,False,True
KMike,15,abafd,NEW@<module>@c_and_c_server_utils.py_slice.py,Core Attack Chain,Core Attack Chain,,False,True
KMike,15,abafd,NEW@<body>@c_and_c_server_asymmetric_encryption.py_slice.py,Core Attack Chain,Full Attack Chain,server error,False,True
KMike,15,abafd,NEW@<module>@ransomware_core_comms_decrypt.py_slice.py,Undetermined,Undetermined,,False,True
KMike,15,abafd,<module>@c_and_c_server_asymmetric_encryption.py_slice.py,Undetermined,Undetermined,,False,True
KMike,16,33184,NEW@<module>@ransomware_core_decrypt_files.py_slice.py,Core Attack Chain,Full Attack Chain,server error,False,True
KMike,16,33184,NEW@initialise@c_and_c_server_server.py_slice.py,Core Attack Chain,Core Attack Chain,,False,True
KMike,16,33184,NEW@<body>@ransomware_core_crypto_asymmetric_encryption.py_slice.py,Core Attack Chain,Full Attack Chain,server error,False,True
KMike,16,33184,NEW@<module>@ransomware_core_utils_statistics.py_slice.py,Undetermined,Undetermined,,False,True
KMike,16,33184,<module>@helper_scripts_master_key_pair_gen.py_slice.py,Core Attack Chain,Core Attack Chain,,False,True
KMike,16,33184,NEW@<module>@ransomware_core_utils_file_ops.py_slice.py,Core Attack Chain,Core Attack Chain,,False,True
KMike,16,33184,<module>@c_and_c_server_payment.py_slice.py,Core Attack Chain,Core Attack Chain,,False,True
KMike,16,33184,NEW@<module>@ransomware_core_comms_bitcoin_address.py_slice.py,Undetermined,Undetermined,,False,True
KMike,16,33184,<module>@c_and_c_server_server.py_slice.py,Core Attack Chain,Core Attack Chain,,False,True
KMike,16,33184,NEW@<module>@c_and_c_server_utils.py_slice.py,Core Attack Chain,Full Attack Chain,server error,False,True
KMike,16,33184,NEW@<body>@c_and_c_server_asymmetric_encryption.py_slice.py,Core Attack Chain,Full Attack Chain,server error,False,True
KMike,16,33184,NEW@<module>@ransomware_core_comms_decrypt.py_slice.py,Undetermined,Undetermined,,False,True
KMike,16,33184,<module>@c_and_c_server_asymmetric_encryption.py_slice.py,Undetermined,Undetermined,,False,True
KMike,16,33184,<module>@c_and_c_server_db.py_slice.py,Core Attack Chain,Core Attack Chain,,False,True
KMike,17,d75a9,NEW@<module>@ransomware_core_decrypt_files.py_slice.py,Core Attack Chain,Core Attack Chain,,False,True
KMike,17,d75a9,NEW@initialise@c_and_c_server_server.py_slice.py,Core Attack Chain,Full Attack Chain,server error,False,True
KMike,17,d75a9,NEW@<module>@c_and_c_server_asymmetric_encryption.py_slice.py,Undetermined,Undetermined,,False,True
KMike,17,d75a9,NEW@<body>@ransomware_core_crypto_asymmetric_encryption.py_slice.py,Core Attack Chain,Full Attack Chain,server error,False,True
KMike,17,d75a9,NEW@<module>@ransomware_core_utils_statistics.py_slice.py,Benign,Benign,,False,True
KMike,17,d75a9,<module>@helper_scripts_master_key_pair_gen.py_slice.py,Core Attack Chain,Core Attack Chain,,False,True
KMike,17,d75a9,NEW@<module>@ransomware_core_utils_file_ops.py_slice.py,Undetermined,Undetermined,,False,True
KMike,17,d75a9,<module>@c_and_c_server_payment.py_slice.py,Core Attack Chain,Core Attack Chain,,False,True
KMike,17,d75a9,NEW@<module>@ransomware_core_comms_bitcoin_address.py_slice.py,Undetermined,Undetermined,,False,True
KMike,17,d75a9,<module>@c_and_c_server_server.py_slice.py,Core Attack Chain,Core Attack Chain,,False,True
KMike,17,d75a9,NEW@<module>@c_and_c_server_utils.py_slice.py,Core Attack Chain,Full Attack Chain,server error,False,True
KMike,17,d75a9,NEW@<body>@c_and_c_server_asymmetric_encryption.py_slice.py,Core Attack Chain,Full Attack Chain,server error,False,True
KMike,17,d75a9,NEW@<module>@ransomware_core_comms_decrypt.py_slice.py,Undetermined,Undetermined,,False,True
KMike,17,d75a9,<module>@c_and_c_server_db.py_slice.py,Core Attack Chain,Core Attack Chain,,False,True
KMike,18,6e12c,initialise@c_and_c_server_server.py_slice.py,Core Attack Chain,Full Attack Chain,,False,True
KMike,18,6e12c,<module>@c_and_c_server_utils.py_slice.py,Core Attack Chain,Full Attack Chain,,False,True
KMike,18,6e12c,<module>@ransomware_core_utils_statistics.py_slice.py,Benign,Benign,,False,True
KMike,18,6e12c,<module>@ransomware_core_comms_bitcoin_address.py_slice.py,Undetermined,Undetermined,,False,True
KMike,18,6e12c,<module>@helper_scripts_master_key_pair_gen.py_slice.py,Core Attack Chain,Core Attack Chain,,False,True
KMike,18,6e12c,<module>@ransomware_core_utils_file_ops.py_slice.py,Undetermined,Undetermined,,False,True
KMike,18,6e12c,<body>@ransomware_core_crypto_asymmetric_encryption.py_slice.py,Core Attack Chain,Full Attack Chain,,False,True
KMike,18,6e12c,<module>@ransomware_core_decrypt_files.py_slice.py,Core Attack Chain,Core Attack Chain,,False,True
KMike,18,6e12c,<module>@c_and_c_server_payment.py_slice.py,Core Attack Chain,Core Attack Chain,,False,True
KMike,18,6e12c,<module>@c_and_c_server_server.py_slice.py,Core Attack Chain,Core Attack Chain,,False,True
KMike,18,6e12c,<module>@c_and_c_server_asymmetric_encryption.py_slice.py,Undetermined,Undetermined,,False,True
KMike,18,6e12c,<module>@c_and_c_server_db.py_slice.py,Core Attack Chain,Core Attack Chain,,False,True
KMike,18,6e12c,<module>@ransomware_core_comms_decrypt.py_slice.py,Undetermined,Undetermined,,False,True
KMike,18,6e12c,<body>@c_and_c_server_asymmetric_encryption.py_slice.py,Core Attack Chain,Full Attack Chain,,False,True
KMike,19,260e6,initialise@c_and_c_server_server.py_slice.py,Core Attack Chain,Full Attack Chain,,False,True
KMike,19,260e6,<module>@c_and_c_server_utils.py_slice.py,Core Attack Chain,Full Attack Chain,,False,True
KMike,19,260e6,<module>@ransomware_core_utils_statistics.py_slice.py,Benign,Benign,,False,True
KMike,19,260e6,<module>@ransomware_core_comms_bitcoin_address.py_slice.py,Undetermined,Undetermined,,False,True
KMike,19,260e6,<module>@helper_scripts_master_key_pair_gen.py_slice.py,Core Attack Chain,Core Attack Chain,,False,True
KMike,19,260e6,<module>@ransomware_core_utils_file_ops.py_slice.py,Undetermined,Undetermined,,False,True
KMike,19,260e6,<body>@ransomware_core_crypto_asymmetric_encryption.py_slice.py,Core Attack Chain,Full Attack Chain,,False,True
KMike,19,260e6,<module>@ransomware_core_decrypt_files.py_slice.py,Core Attack Chain,Core Attack Chain,,False,True
KMike,19,260e6,<module>@c_and_c_server_payment.py_slice.py,Core Attack Chain,Core Attack Chain,,False,True
KMike,19,260e6,<module>@c_and_c_server_server.py_slice.py,Core Attack Chain,Core Attack Chain,,False,True
KMike,19,260e6,<module>@c_and_c_server_asymmetric_encryption.py_slice.py,Undetermined,Undetermined,,False,True
KMike,19,260e6,<module>@c_and_c_server_db.py_slice.py,Core Attack Chain,Core Attack Chain,,False,True
KMike,19,260e6,<module>@ransomware_core_comms_decrypt.py_slice.py,Undetermined,Undetermined,,False,True
KMike,19,260e6,<body>@c_and_c_server_asymmetric_encryption.py_slice.py,Core Attack Chain,Full Attack Chain,,False,True
KMike,20,c18d4,NEW@<module>@ransomware_core_decrypt_files.py_slice.py,Core Attack Chain,Core Attack Chain,,False,True
KMike,20,c18d4,NEW@initialise@c_and_c_server_server.py_slice.py,Core Attack Chain,Full Attack Chain,server error,False,True
KMike,20,c18d4,NEW@<body>@ransomware_core_crypto_asymmetric_encryption.py_slice.py,Core Attack Chain,Full Attack Chain,server error,False,True
KMike,20,c18d4,NEW@<module>@ransomware_core_comms_cnc_generator.py_slice.py,Core Attack Chain,Core Attack Chain,,False,True
KMike,20,c18d4,<module>@ransomware_core_utils_statistics.py_slice.py,Benign,Benign,,False,True
KMike,20,c18d4,<module>@helper_scripts_master_key_pair_gen.py_slice.py,Core Attack Chain,Core Attack Chain,,False,True
KMike,20,c18d4,<module>@ransomware_core_utils_file_ops.py_slice.py,Undetermined,Undetermined,,False,True
KMike,20,c18d4,<module>@c_and_c_server_payment.py_slice.py,Core Attack Chain,Core Attack Chain,,False,True
KMike,20,c18d4,<module>@c_and_c_server_server.py_slice.py,Core Attack Chain,Core Attack Chain,,False,True
KMike,20,c18d4,NEW@<module>@c_and_c_server_utils.py_slice.py,Core Attack Chain,Full Attack Chain,server error,False,True
KMike,20,c18d4,NEW@<body>@c_and_c_server_asymmetric_encryption.py_slice.py,Core Attack Chain,Full Attack Chain,server error,False,True
KMike,20,c18d4,<module>@c_and_c_server_asymmetric_encryption.py_slice.py,Undetermined,Undetermined,,False,True
KMike,20,c18d4,<module>@c_and_c_server_db.py_slice.py,Core Attack Chain,Core Attack Chain,,False,True
KMike,21,bf4f9,NEW@<module>@ransomware_core_decrypt_files.py_slice.py,Core Attack Chain,Full Attack Chain,server error,False,True
KMike,21,bf4f9,initialise@c_and_c_server_server.py_slice.py,Core Attack Chain,Full Attack Chain,,False,True
KMike,21,bf4f9,<module>@c_and_c_server_utils.py_slice.py,Core Attack Chain,Full Attack Chain,,False,True
KMike,21,bf4f9,NEW@<module>@ransomware_core_comms_cnc_generator.py_slice.py,Core Attack Chain,Full Attack Chain,server error,False,True
KMike,21,bf4f9,<module>@ransomware_core_utils_statistics.py_slice.py,Benign,Benign,,False,True
KMike,21,bf4f9,<module>@helper_scripts_master_key_pair_gen.py_slice.py,Core Attack Chain,Core Attack Chain,,False,True
KMike,21,bf4f9,<module>@ransomware_core_utils_file_ops.py_slice.py,Undetermined,Undetermined,,False,True
KMike,21,bf4f9,<body>@ransomware_core_crypto_asymmetric_encryption.py_slice.py,Core Attack Chain,Full Attack Chain,,False,True
KMike,21,bf4f9,<module>@c_and_c_server_payment.py_slice.py,Core Attack Chain,Core Attack Chain,,False,True
KMike,21,bf4f9,<module>@c_and_c_server_server.py_slice.py,Core Attack Chain,Core Attack Chain,,False,True
KMike,21,bf4f9,<module>@c_and_c_server_asymmetric_encryption.py_slice.py,Undetermined,Undetermined,,False,True
KMike,21,bf4f9,<module>@c_and_c_server_db.py_slice.py,Core Attack Chain,Core Attack Chain,,False,True
KMike,21,bf4f9,<body>@c_and_c_server_asymmetric_encryption.py_slice.py,Core Attack Chain,Full Attack Chain,,False,True
KMike,22,1f1ca,initialise@c_and_c_server_server.py_slice.py,Core Attack Chain,Full Attack Chain,,False,True
KMike,22,1f1ca,<module>@c_and_c_server_utils.py_slice.py,Core Attack Chain,Full Attack Chain,,False,True
KMike,22,1f1ca,<module>@ransomware_core_utils_statistics.py_slice.py,Benign,Benign,,False,True
KMike,22,1f1ca,<module>@helper_scripts_master_key_pair_gen.py_slice.py,Core Attack Chain,Core Attack Chain,,False,True
KMike,22,1f1ca,<module>@ransomware_core_utils_file_ops.py_slice.py,Undetermined,Undetermined,,False,True
KMike,22,1f1ca,<module>@ransomware_core_comms_cnc_generator.py_slice.py,Core Attack Chain,Full Attack Chain,,False,True
KMike,22,1f1ca,<body>@ransomware_core_crypto_asymmetric_encryption.py_slice.py,Core Attack Chain,Full Attack Chain,,False,True
KMike,22,1f1ca,<module>@ransomware_core_decrypt_files.py_slice.py,Core Attack Chain,Full Attack Chain,,False,True
KMike,22,1f1ca,<module>@c_and_c_server_payment.py_slice.py,Core Attack Chain,Core Attack Chain,,False,True
KMike,22,1f1ca,<module>@c_and_c_server_server.py_slice.py,Core Attack Chain,Core Attack Chain,,False,True
KMike,22,1f1ca,<module>@c_and_c_server_asymmetric_encryption.py_slice.py,Undetermined,Undetermined,,False,True
KMike,22,1f1ca,<module>@c_and_c_server_db.py_slice.py,Core Attack Chain,Core Attack Chain,,False,True
KMike,22,1f1ca,<body>@c_and_c_server_asymmetric_encryption.py_slice.py,Core Attack Chain,Full Attack Chain,,False,True
KMike,23,b7edb,initialise@c_and_c_server_server.py_slice.py,Core Attack Chain,Full Attack Chain,,False,True
KMike,23,b7edb,<module>@c_and_c_server_utils.py_slice.py,Core Attack Chain,Full Attack Chain,,False,True
KMike,23,b7edb,<module>@ransomware_core_utils_statistics.py_slice.py,Benign,Benign,,False,True
KMike,23,b7edb,<module>@helper_scripts_master_key_pair_gen.py_slice.py,Core Attack Chain,Core Attack Chain,,False,True
KMike,23,b7edb,<module>@ransomware_core_utils_file_ops.py_slice.py,Undetermined,Undetermined,,False,True
KMike,23,b7edb,<module>@ransomware_core_comms_cnc_generator.py_slice.py,Core Attack Chain,Full Attack Chain,,False,True
KMike,23,b7edb,<body>@ransomware_core_crypto_asymmetric_encryption.py_slice.py,Core Attack Chain,Full Attack Chain,,False,True
KMike,23,b7edb,<module>@ransomware_core_decrypt_files.py_slice.py,Core Attack Chain,Full Attack Chain,,False,True
KMike,23,b7edb,<module>@c_and_c_server_payment.py_slice.py,Core Attack Chain,Core Attack Chain,,False,True
KMike,23,b7edb,<module>@c_and_c_server_server.py_slice.py,Core Attack Chain,Core Attack Chain,,False,True
KMike,23,b7edb,<module>@c_and_c_server_asymmetric_encryption.py_slice.py,Undetermined,Undetermined,,False,True
KMike,23,b7edb,<module>@c_and_c_server_db.py_slice.py,Core Attack Chain,Core Attack Chain,,False,True
KMike,23,b7edb,<body>@c_and_c_server_asymmetric_encryption.py_slice.py,Core Attack Chain,Full Attack Chain,,False,True
KMike,24,51fa8,initialise@c_and_c_server_server.py_slice.py,Core Attack Chain,Full Attack Chain,,False,True
KMike,24,51fa8,<module>@c_and_c_server_utils.py_slice.py,Core Attack Chain,Full Attack Chain,,False,True
KMike,24,51fa8,<module>@ransomware_core_utils_statistics.py_slice.py,Benign,Benign,,False,True
KMike,24,51fa8,<module>@helper_scripts_master_key_pair_gen.py_slice.py,Core Attack Chain,Core Attack Chain,,False,True
KMike,24,51fa8,<module>@ransomware_core_utils_file_ops.py_slice.py,Undetermined,Undetermined,,False,True
KMike,24,51fa8,<module>@ransomware_core_comms_cnc_generator.py_slice.py,Core Attack Chain,Full Attack Chain,,False,True
KMike,24,51fa8,<body>@ransomware_core_crypto_asymmetric_encryption.py_slice.py,Core Attack Chain,Full Attack Chain,,False,True
KMike,24,51fa8,<module>@ransomware_core_decrypt_files.py_slice.py,Core Attack Chain,Full Attack Chain,,False,True
KMike,24,51fa8,<module>@c_and_c_server_payment.py_slice.py,Core Attack Chain,Core Attack Chain,,False,True
KMike,24,51fa8,<module>@c_and_c_server_server.py_slice.py,Core Attack Chain,Core Attack Chain,,False,True
KMike,24,51fa8,<module>@c_and_c_server_asymmetric_encryption.py_slice.py,Undetermined,Undetermined,,False,True
KMike,24,51fa8,<module>@c_and_c_server_db.py_slice.py,Core Attack Chain,Core Attack Chain,,False,True
KMike,24,51fa8,<body>@c_and_c_server_asymmetric_encryption.py_slice.py,Core Attack Chain,Full Attack Chain,,False,True
KMike,25,7aa7d,NEW@<module>@ransomware_core_decrypt_files.py_slice.py,Core Attack Chain,Full Attack Chain,server error,False,True
KMike,25,7aa7d,initialise@c_and_c_server_server.py_slice.py,Core Attack Chain,Full Attack Chain,,False,True
KMike,25,7aa7d,<module>@c_and_c_server_utils.py_slice.py,Core Attack Chain,Full Attack Chain,,False,True
KMike,25,7aa7d,NEW@<module>@ransomware_core_comms_cnc_generator.py_slice.py,Core Attack Chain,Full Attack Chain,server error,False,True
KMike,25,7aa7d,<module>@ransomware_core_utils_statistics.py_slice.py,Benign,Benign,,False,True
KMike,25,7aa7d,<module>@helper_scripts_master_key_pair_gen.py_slice.py,Core Attack Chain,Core Attack Chain,,False,True
KMike,25,7aa7d,<module>@ransomware_core_utils_file_ops.py_slice.py,Undetermined,Undetermined,,False,True
KMike,25,7aa7d,<body>@ransomware_core_crypto_asymmetric_encryption.py_slice.py,Core Attack Chain,Full Attack Chain,,False,True
KMike,25,7aa7d,<module>@c_and_c_server_payment.py_slice.py,Core Attack Chain,Core Attack Chain,,False,True
KMike,25,7aa7d,<module>@c_and_c_server_server.py_slice.py,Core Attack Chain,Core Attack Chain,,False,True
KMike,25,7aa7d,<module>@c_and_c_server_asymmetric_encryption.py_slice.py,Undetermined,Undetermined,,False,True
KMike,25,7aa7d,<module>@c_and_c_server_db.py_slice.py,Core Attack Chain,Core Attack Chain,,False,True
KMike,25,7aa7d,<body>@c_and_c_server_asymmetric_encryption.py_slice.py,Core Attack Chain,Full Attack Chain,,False,True
KMike,26,36360,initialise@c_and_c_server_server.py_slice.py,Core Attack Chain,Full Attack Chain,,False,True
KMike,26,36360,<module>@c_and_c_server_utils.py_slice.py,Core Attack Chain,Full Attack Chain,,False,True
KMike,26,36360,<module>@ransomware_core_utils_statistics.py_slice.py,Benign,Benign,,False,True
KMike,26,36360,<module>@helper_scripts_master_key_pair_gen.py_slice.py,Core Attack Chain,Core Attack Chain,,False,True
KMike,26,36360,<module>@ransomware_core_utils_file_ops.py_slice.py,Undetermined,Undetermined,,False,True
KMike,26,36360,<module>@ransomware_core_comms_cnc_generator.py_slice.py,Core Attack Chain,Full Attack Chain,,False,True
KMike,26,36360,<body>@ransomware_core_crypto_asymmetric_encryption.py_slice.py,Core Attack Chain,Full Attack Chain,,False,True
KMike,26,36360,<module>@ransomware_core_decrypt_files.py_slice.py,Core Attack Chain,Full Attack Chain,,False,True
KMike,26,36360,<module>@c_and_c_server_payment.py_slice.py,Core Attack Chain,Core Attack Chain,,False,True
KMike,26,36360,<module>@c_and_c_server_server.py_slice.py,Core Attack Chain,Core Attack Chain,,False,True
KMike,26,36360,<module>@c_and_c_server_asymmetric_encryption.py_slice.py,Undetermined,Undetermined,,False,True
KMike,26,36360,<module>@c_and_c_server_db.py_slice.py,Core Attack Chain,Core Attack Chain,,False,True
KMike,26,36360,<body>@c_and_c_server_asymmetric_encryption.py_slice.py,Core Attack Chain,Full Attack Chain,,False,True
KMike,27,9873a,NEW@<module>@ransomware_core_decrypt_files.py_slice.py,Core Attack Chain,Full Attack Chain,server error,False,True
KMike,27,9873a,NEW@initialise@c_and_c_server_server.py_slice.py,Core Attack Chain,Full Attack Chain,server error,False,True
KMike,27,9873a,NEW@<module>@c_and_c_server_db.py_slice.py,Core Attack Chain,Core Attack Chain,,False,True
KMike,27,9873a,NEW@<module>@c_and_c_server_server.py_slice.py,Core Attack Chain,Core Attack Chain,,False,True
KMike,27,9873a,NEW@<module>@c_and_c_server_payment.py_slice.py,Core Attack Chain,Core Attack Chain,,False,True
KMike,27,9873a,NEW@<body>@ransomware_core_crypto_asymmetric_encryption.py_slice.py,Core Attack Chain,Full Attack Chain,server error,False,True
KMike,27,9873a,NEW@<module>@ransomware_core_comms_cnc_generator.py_slice.py,Core Attack Chain,Full Attack Chain,server error,False,True
KMike,27,9873a,<module>@ransomware_core_utils_statistics.py_slice.py,Benign,Benign,,False,True
KMike,27,9873a,<module>@helper_scripts_master_key_pair_gen.py_slice.py,Core Attack Chain,Core Attack Chain,,False,True
KMike,27,9873a,<module>@ransomware_core_utils_file_ops.py_slice.py,Undetermined,Undetermined,,False,True
KMike,27,9873a,NEW@<module>@c_and_c_server_utils.py_slice.py,Core Attack Chain,Core Attack Chain,,False,True
KMike,27,9873a,NEW@<body>@c_and_c_server_asymmetric_encryption.py_slice.py,Core Attack Chain,Core Attack Chain,,False,True
KMike,27,9873a,<module>@c_and_c_server_asymmetric_encryption.py_slice.py,Undetermined,Undetermined,,False,True
KMike,28,ef755,NEW@<module>@ransomware_core_decrypt_files.py_slice.py,Core Attack Chain,Core Attack Chain,,False,True
KMike,28,ef755,NEW@initialise@c_and_c_server_server.py_slice.py,Core Attack Chain,Full Attack Chain,server error,False,True
KMike,28,ef755,NEW@<module>@c_and_c_server_db.py_slice.py,Core Attack Chain,Core Attack Chain,,False,True
KMike,28,ef755,NEW@<module>@c_and_c_server_server.py_slice.py,Core Attack Chain,Core Attack Chain,,False,True
KMike,28,ef755,NEW@<module>@c_and_c_server_payment.py_slice.py,Core Attack Chain,Core Attack Chain,,False,True
KMike,28,ef755,NEW@<body>@ransomware_core_crypto_asymmetric_encryption.py_slice.py,Core Attack Chain,Full Attack Chain,server error,False,True
KMike,28,ef755,NEW@<module>@ransomware_core_comms_cnc_generator.py_slice.py,Core Attack Chain,Full Attack Chain,server error,False,True
KMike,28,ef755,<module>@ransomware_core_utils_statistics.py_slice.py,Benign,Benign,,False,True
KMike,28,ef755,<module>@helper_scripts_master_key_pair_gen.py_slice.py,Core Attack Chain,Core Attack Chain,,False,True
KMike,28,ef755,<module>@ransomware_core_utils_file_ops.py_slice.py,Undetermined,Undetermined,,False,True
KMike,28,ef755,NEW@<module>@c_and_c_server_utils.py_slice.py,Core Attack Chain,Full Attack Chain,server error,False,True
KMike,28,ef755,NEW@<body>@c_and_c_server_asymmetric_encryption.py_slice.py,Core Attack Chain,Core Attack Chain,,False,True
KMike,28,ef755,<module>@c_and_c_server_asymmetric_encryption.py_slice.py,Undetermined,Undetermined,,False,True
KMike,29,658cc,NEW@<module>@ransomware_core_decrypt_files.py_slice.py,Core Attack Chain,Full Attack Chain,server error,False,True
KMike,29,658cc,initialise@c_and_c_server_server.py_slice.py,Core Attack Chain,Full Attack Chain,,False,True
KMike,29,658cc,<module>@c_and_c_server_utils.py_slice.py,Core Attack Chain,Full Attack Chain,,False,True
KMike,29,658cc,NEW@<module>@ransomware_core_comms_cnc_generator.py_slice.py,Core Attack Chain,Core Attack Chain,,False,True
KMike,29,658cc,<module>@ransomware_core_utils_statistics.py_slice.py,Benign,Benign,,False,True
KMike,29,658cc,<module>@helper_scripts_master_key_pair_gen.py_slice.py,Core Attack Chain,Core Attack Chain,,False,True
KMike,29,658cc,<body>@ransomware_core_crypto_asymmetric_encryption.py_slice.py,Core Attack Chain,Full Attack Chain,,False,True
KMike,29,658cc,NEW@<module>@ransomware_core_utils_file_ops.py_slice.py,Core Attack Chain,Core Attack Chain,,False,True
KMike,29,658cc,<module>@c_and_c_server_payment.py_slice.py,Core Attack Chain,Core Attack Chain,,False,True
KMike,29,658cc,<module>@c_and_c_server_server.py_slice.py,Core Attack Chain,Core Attack Chain,,False,True
KMike,29,658cc,<module>@c_and_c_server_asymmetric_encryption.py_slice.py,Undetermined,Undetermined,,False,True
KMike,29,658cc,<module>@c_and_c_server_db.py_slice.py,Core Attack Chain,Core Attack Chain,,False,True
KMike,29,658cc,<body>@c_and_c_server_asymmetric_encryption.py_slice.py,Core Attack Chain,Core Attack Chain,,False,True
KMike,30,6201f,NEW@<module>@ransomware_core_decrypt_files.py_slice.py,Core Attack Chain,Core Attack Chain,,False,True
KMike,30,6201f,initialise@c_and_c_server_server.py_slice.py,Core Attack Chain,Full Attack Chain,,False,True
KMike,30,6201f,<module>@c_and_c_server_utils.py_slice.py,Core Attack Chain,Full Attack Chain,,False,True
KMike,30,6201f,NEW@<module>@ransomware_core_comms_cnc_generator.py_slice.py,Core Attack Chain,Full Attack Chain,server error,False,True
KMike,30,6201f,<module>@ransomware_core_utils_statistics.py_slice.py,Benign,Benign,,False,True
KMike,30,6201f,<module>@helper_scripts_master_key_pair_gen.py_slice.py,Core Attack Chain,Core Attack Chain,,False,True
KMike,30,6201f,<module>@ransomware_core_utils_file_ops.py_slice.py,Core Attack Chain,Core Attack Chain,,False,True
KMike,30,6201f,<body>@ransomware_core_crypto_asymmetric_encryption.py_slice.py,Core Attack Chain,Full Attack Chain,,False,True
KMike,30,6201f,<module>@c_and_c_server_payment.py_slice.py,Core Attack Chain,Core Attack Chain,,False,True
KMike,30,6201f,<module>@c_and_c_server_server.py_slice.py,Core Attack Chain,Core Attack Chain,,False,True
KMike,30,6201f,<module>@c_and_c_server_asymmetric_encryption.py_slice.py,Undetermined,Undetermined,,False,True
KMike,30,6201f,<module>@c_and_c_server_db.py_slice.py,Core Attack Chain,Core Attack Chain,,False,True
KMike,30,6201f,<body>@c_and_c_server_asymmetric_encryption.py_slice.py,Core Attack Chain,Core Attack Chain,,False,True
KMike,31,3a48f,initialise@c_and_c_server_server.py_slice.py,Core Attack Chain,Full Attack Chain,,False,True
KMike,31,3a48f,<module>@c_and_c_server_utils.py_slice.py,Core Attack Chain,Full Attack Chain,,False,True
KMike,31,3a48f,<module>@ransomware_core_utils_statistics.py_slice.py,Benign,Benign,,False,True
KMike,31,3a48f,<module>@helper_scripts_master_key_pair_gen.py_slice.py,Core Attack Chain,Core Attack Chain,,False,True
KMike,31,3a48f,<module>@ransomware_core_utils_file_ops.py_slice.py,Core Attack Chain,Core Attack Chain,,False,True
KMike,31,3a48f,<module>@ransomware_core_comms_cnc_generator.py_slice.py,Core Attack Chain,Full Attack Chain,,False,True
KMike,31,3a48f,<body>@ransomware_core_crypto_asymmetric_encryption.py_slice.py,Core Attack Chain,Full Attack Chain,,False,True
KMike,31,3a48f,<module>@ransomware_core_decrypt_files.py_slice.py,Core Attack Chain,Core Attack Chain,,False,True
KMike,31,3a48f,<module>@c_and_c_server_payment.py_slice.py,Core Attack Chain,Core Attack Chain,,False,True
KMike,31,3a48f,<module>@c_and_c_server_server.py_slice.py,Core Attack Chain,Core Attack Chain,,False,True
KMike,31,3a48f,<module>@c_and_c_server_asymmetric_encryption.py_slice.py,Undetermined,Undetermined,,False,True
KMike,31,3a48f,<module>@c_and_c_server_db.py_slice.py,Core Attack Chain,Core Attack Chain,,False,True
KMike,31,3a48f,<body>@c_and_c_server_asymmetric_encryption.py_slice.py,Core Attack Chain,Core Attack Chain,,False,True
KMike,32,8ed32,initialise@c_and_c_server_server.py_slice.py,Core Attack Chain,Full Attack Chain,,False,True
KMike,32,8ed32,<module>@c_and_c_server_utils.py_slice.py,Core Attack Chain,Full Attack Chain,,False,True
KMike,32,8ed32,<module>@ransomware_core_utils_statistics.py_slice.py,Benign,Benign,,False,True
KMike,32,8ed32,<module>@helper_scripts_master_key_pair_gen.py_slice.py,Core Attack Chain,Core Attack Chain,,False,True
KMike,32,8ed32,<module>@ransomware_core_utils_file_ops.py_slice.py,Core Attack Chain,Core Attack Chain,,False,True
KMike,32,8ed32,<module>@ransomware_core_comms_cnc_generator.py_slice.py,Core Attack Chain,Full Attack Chain,,False,True
KMike,32,8ed32,<body>@ransomware_core_crypto_asymmetric_encryption.py_slice.py,Core Attack Chain,Full Attack Chain,,False,True
KMike,32,8ed32,<module>@ransomware_core_decrypt_files.py_slice.py,Core Attack Chain,Core Attack Chain,,False,True
KMike,32,8ed32,<module>@c_and_c_server_payment.py_slice.py,Core Attack Chain,Core Attack Chain,,False,True
KMike,32,8ed32,<module>@c_and_c_server_server.py_slice.py,Core Attack Chain,Core Attack Chain,,False,True
KMike,32,8ed32,<module>@c_and_c_server_asymmetric_encryption.py_slice.py,Undetermined,Undetermined,,False,True
KMike,32,8ed32,<module>@c_and_c_server_db.py_slice.py,Core Attack Chain,Core Attack Chain,,False,True
KMike,32,8ed32,<body>@c_and_c_server_asymmetric_encryption.py_slice.py,Core Attack Chain,Core Attack Chain,,False,True
KMike,33,55750,initialise@c_and_c_server_server.py_slice.py,Core Attack Chain,Full Attack Chain,,False,True
KMike,33,55750,<module>@c_and_c_server_utils.py_slice.py,Core Attack Chain,Full Attack Chain,,False,True
KMike,33,55750,<module>@ransomware_core_utils_statistics.py_slice.py,Benign,Benign,,False,True
KMike,33,55750,<module>@helper_scripts_master_key_pair_gen.py_slice.py,Core Attack Chain,Core Attack Chain,,False,True
KMike,33,55750,<module>@ransomware_core_utils_file_ops.py_slice.py,Core Attack Chain,Core Attack Chain,,False,True
KMike,33,55750,<module>@ransomware_core_comms_cnc_generator.py_slice.py,Core Attack Chain,Full Attack Chain,,False,True
KMike,33,55750,<body>@ransomware_core_crypto_asymmetric_encryption.py_slice.py,Core Attack Chain,Full Attack Chain,,False,True
KMike,33,55750,<module>@ransomware_core_decrypt_files.py_slice.py,Core Attack Chain,Core Attack Chain,,False,True
KMike,33,55750,<module>@c_and_c_server_payment.py_slice.py,Core Attack Chain,Core Attack Chain,,False,True
KMike,33,55750,<module>@c_and_c_server_server.py_slice.py,Core Attack Chain,Core Attack Chain,,False,True
KMike,33,55750,<module>@c_and_c_server_asymmetric_encryption.py_slice.py,Undetermined,Undetermined,,False,True
KMike,33,55750,<module>@c_and_c_server_db.py_slice.py,Core Attack Chain,Core Attack Chain,,False,True
KMike,33,55750,<body>@c_and_c_server_asymmetric_encryption.py_slice.py,Core Attack Chain,Core Attack Chain,,False,True
KMike,34,3f8b3,NEW@<module>@ransomware_core_decrypt_files.py_slice.py,Core Attack Chain,Core Attack Chain,,False,True
KMike,34,3f8b3,NEW@initialise@c_and_c_server_server.py_slice.py,Core Attack Chain,Full Attack Chain,server error,False,True
KMike,34,3f8b3,NEW@<module>@c_and_c_server_db.py_slice.py,Core Attack Chain,Core Attack Chain,,False,True
KMike,34,3f8b3,NEW@<module>@c_and_c_server_server.py_slice.py,Core Attack Chain,Core Attack Chain,,False,True
KMike,34,3f8b3,NEW@<module>@c_and_c_server_payment.py_slice.py,Core Attack Chain,Core Attack Chain,,False,True
KMike,34,3f8b3,NEW@<body>@ransomware_core_crypto_asymmetric_encryption.py_slice.py,Core Attack Chain,Full Attack Chain,server error,False,True
KMike,34,3f8b3,NEW@<module>@ransomware_core_utils_statistics.py_slice.py,Benign,Benign,,False,True
KMike,34,3f8b3,NEW@<module>@ransomware_core_comms_cnc_generator.py_slice.py,Core Attack Chain,Core Attack Chain,,False,True
KMike,34,3f8b3,<module>@helper_scripts_master_key_pair_gen.py_slice.py,Core Attack Chain,Core Attack Chain,,False,True
KMike,34,3f8b3,NEW@<module>@ransomware_core_utils_file_ops.py_slice.py,Core Attack Chain,Core Attack Chain,,False,True
KMike,34,3f8b3,NEW@<module>@ransomware_core_comms_bitcoin_address.py_slice.py,Core Attack Chain,Core Attack Chain,,False,True
KMike,34,3f8b3,NEW@<module>@c_and_c_server_utils.py_slice.py,Core Attack Chain,Core Attack Chain,,False,True
KMike,34,3f8b3,NEW@<body>@c_and_c_server_asymmetric_encryption.py_slice.py,Core Attack Chain,Full Attack Chain,server error,False,True
KMike,34,3f8b3,NEW@<module>@ransomware_core_comms_decrypt.py_slice.py,Core Attack Chain,Core Attack Chain,,False,True
KMike,34,3f8b3,<module>@c_and_c_server_asymmetric_encryption.py_slice.py,Undetermined,Undetermined,,False,True
KMike,35,a7ccd,initialise@c_and_c_server_server.py_slice.py,Core Attack Chain,Full Attack Chain,,False,True
KMike,35,a7ccd,<module>@c_and_c_server_utils.py_slice.py,Core Attack Chain,Core Attack Chain,,False,True
KMike,35,a7ccd,<module>@ransomware_core_utils_statistics.py_slice.py,Benign,Benign,,False,True
KMike,35,a7ccd,<module>@ransomware_core_comms_bitcoin_address.py_slice.py,Core Attack Chain,Core Attack Chain,,False,True
KMike,35,a7ccd,<module>@helper_scripts_master_key_pair_gen.py_slice.py,Core Attack Chain,Core Attack Chain,,False,True
KMike,35,a7ccd,<module>@ransomware_core_comms_cnc_generator.py_slice.py,Core Attack Chain,Core Attack Chain,,False,True
KMike,35,a7ccd,<body>@ransomware_core_crypto_asymmetric_encryption.py_slice.py,Core Attack Chain,Full Attack Chain,,False,True
KMike,35,a7ccd,NEW@<module>@ransomware_core_utils_file_ops.py_slice.py,Core Attack Chain,Core Attack Chain,,False,True
KMike,35,a7ccd,<module>@ransomware_core_decrypt_files.py_slice.py,Core Attack Chain,Core Attack Chain,,False,True
KMike,35,a7ccd,<module>@c_and_c_server_payment.py_slice.py,Core Attack Chain,Core Attack Chain,,False,True
KMike,35,a7ccd,<module>@c_and_c_server_server.py_slice.py,Core Attack Chain,Core Attack Chain,,False,True
KMike,35,a7ccd,<module>@c_and_c_server_asymmetric_encryption.py_slice.py,Undetermined,Undetermined,,False,True
KMike,35,a7ccd,<module>@c_and_c_server_db.py_slice.py,Core Attack Chain,Core Attack Chain,,False,True
KMike,35,a7ccd,<module>@ransomware_core_comms_decrypt.py_slice.py,Core Attack Chain,Core Attack Chain,,False,True
KMike,35,a7ccd,<body>@c_and_c_server_asymmetric_encryption.py_slice.py,Core Attack Chain,Full Attack Chain,,False,True
KMike,36,602d0,NEW@<module>@ransomware_core_decrypt_files.py_slice.py,Core Attack Chain,Full Attack Chain,server error,False,True
KMike,36,602d0,NEW@initialise@c_and_c_server_server.py_slice.py,Core Attack Chain,Full Attack Chain,server error,False,True
KMike,36,602d0,NEW@<module>@c_and_c_server_db.py_slice.py,Core Attack Chain,Core Attack Chain,,False,True
KMike,36,602d0,NEW@<module>@c_and_c_server_server.py_slice.py,Core Attack Chain,Core Attack Chain,,False,True
KMike,36,602d0,NEW@<module>@c_and_c_server_payment.py_slice.py,Core Attack Chain,Core Attack Chain,,False,True
KMike,36,602d0,NEW@<body>@ransomware_core_crypto_asymmetric_encryption.py_slice.py,Core Attack Chain,Full Attack Chain,server error,False,True
KMike,36,602d0,NEW@<module>@ransomware_core_utils_statistics.py_slice.py,Benign,Benign,,False,True
KMike,36,602d0,NEW@<module>@ransomware_core_comms_cnc_generator.py_slice.py,Core Attack Chain,Core Attack Chain,,False,True
KMike,36,602d0,<module>@helper_scripts_master_key_pair_gen.py_slice.py,Core Attack Chain,Core Attack Chain,,False,True
KMike,36,602d0,NEW@<module>@ransomware_core_utils_file_ops.py_slice.py,Core Attack Chain,Core Attack Chain,,False,True
KMike,36,602d0,NEW@<module>@ransomware_core_comms_bitcoin_address.py_slice.py,Core Attack Chain,Core Attack Chain,,False,True
KMike,36,602d0,NEW@<module>@c_and_c_server_utils.py_slice.py,Core Attack Chain,Full Attack Chain,server error,False,True
KMike,36,602d0,NEW@<body>@c_and_c_server_asymmetric_encryption.py_slice.py,Core Attack Chain,Full Attack Chain,server error,False,True
KMike,36,602d0,NEW@<module>@ransomware_core_comms_decrypt.py_slice.py,Core Attack Chain,Core Attack Chain,,False,True
KMike,36,602d0,<module>@c_and_c_server_asymmetric_encryption.py_slice.py,Undetermined,Undetermined,,False,True
KMike,37,a6b60,initialise@c_and_c_server_server.py_slice.py,Core Attack Chain,Full Attack Chain,,False,True
KMike,37,a6b60,<module>@c_and_c_server_utils.py_slice.py,Core Attack Chain,Full Attack Chain,,False,True
KMike,37,a6b60,<module>@ransomware_core_utils_statistics.py_slice.py,Benign,Benign,,False,True
KMike,37,a6b60,<module>@ransomware_core_comms_bitcoin_address.py_slice.py,Core Attack Chain,Core Attack Chain,,False,True
KMike,37,a6b60,<module>@helper_scripts_master_key_pair_gen.py_slice.py,Core Attack Chain,Core Attack Chain,,False,True
KMike,37,a6b60,<module>@ransomware_core_utils_file_ops.py_slice.py,Core Attack Chain,Core Attack Chain,,False,True
KMike,37,a6b60,<module>@ransomware_core_comms_cnc_generator.py_slice.py,Core Attack Chain,Core Attack Chain,,False,True
KMike,37,a6b60,<body>@ransomware_core_crypto_asymmetric_encryption.py_slice.py,Core Attack Chain,Full Attack Chain,,False,True
KMike,37,a6b60,<module>@ransomware_core_decrypt_files.py_slice.py,Core Attack Chain,Full Attack Chain,,False,True
KMike,37,a6b60,<module>@c_and_c_server_payment.py_slice.py,Core Attack Chain,Core Attack Chain,,False,True
KMike,37,a6b60,<module>@c_and_c_server_server.py_slice.py,Core Attack Chain,Core Attack Chain,,False,True
KMike,37,a6b60,<module>@c_and_c_server_asymmetric_encryption.py_slice.py,Undetermined,Undetermined,,False,True
KMike,37,a6b60,<module>@c_and_c_server_db.py_slice.py,Core Attack Chain,Core Attack Chain,,False,True
KMike,37,a6b60,<module>@ransomware_core_comms_decrypt.py_slice.py,Core Attack Chain,Core Attack Chain,,False,True
KMike,37,a6b60,<body>@c_and_c_server_asymmetric_encryption.py_slice.py,Core Attack Chain,Full Attack Chain,,False,True
KMike,38,ad463,NEW@<module>@ransomware_core_decrypt_files.py_slice.py,Core Attack Chain,Full Attack Chain,server error,False,True
KMike,38,ad463,NEW@initialise@c_and_c_server_server.py_slice.py,Core Attack Chain,Full Attack Chain,server error,False,True
KMike,38,ad463,NEW@<module>@c_and_c_server_db.py_slice.py,Core Attack Chain,Core Attack Chain,,False,True
KMike,38,ad463,NEW@<module>@c_and_c_server_server.py_slice.py,Core Attack Chain,Core Attack Chain,,False,True
KMike,38,ad463,NEW@<module>@c_and_c_server_payment.py_slice.py,Core Attack Chain,Core Attack Chain,,False,True
KMike,38,ad463,NEW@<body>@ransomware_core_crypto_asymmetric_encryption.py_slice.py,Core Attack Chain,Full Attack Chain,server error,False,True
KMike,38,ad463,NEW@<module>@ransomware_core_utils_statistics.py_slice.py,Benign,Benign,,False,True
KMike,38,ad463,NEW@<module>@ransomware_core_comms_cnc_generator.py_slice.py,Core Attack Chain,Core Attack Chain,,False,True
KMike,38,ad463,<module>@helper_scripts_master_key_pair_gen.py_slice.py,Core Attack Chain,Core Attack Chain,,False,True
KMike,38,ad463,NEW@<module>@ransomware_core_utils_file_ops.py_slice.py,Core Attack Chain,Core Attack Chain,,False,True
KMike,38,ad463,NEW@<module>@ransomware_core_comms_bitcoin_address.py_slice.py,Core Attack Chain,Core Attack Chain,,False,True
KMike,38,ad463,NEW@<module>@c_and_c_server_utils.py_slice.py,Core Attack Chain,Full Attack Chain,server error,False,True
KMike,38,ad463,NEW@<body>@c_and_c_server_asymmetric_encryption.py_slice.py,Core Attack Chain,Full Attack Chain,server error,False,True
KMike,38,ad463,NEW@<module>@ransomware_core_comms_decrypt.py_slice.py,Core Attack Chain,Core Attack Chain,,False,True
KMike,38,ad463,<module>@c_and_c_server_asymmetric_encryption.py_slice.py,Undetermined,Undetermined,,False,True
KMike,39,3af22,initialise@c_and_c_server_server.py_slice.py,Core Attack Chain,Full Attack Chain,,False,True
KMike,39,3af22,<module>@c_and_c_server_utils.py_slice.py,Core Attack Chain,Full Attack Chain,,False,True
KMike,39,3af22,<module>@ransomware_core_utils_statistics.py_slice.py,Benign,Benign,,False,True
KMike,39,3af22,<module>@ransomware_core_comms_bitcoin_address.py_slice.py,Core Attack Chain,Core Attack Chain,,False,True
KMike,39,3af22,<module>@helper_scripts_master_key_pair_gen.py_slice.py,Core Attack Chain,Core Attack Chain,,False,True
KMike,39,3af22,<module>@ransomware_core_utils_file_ops.py_slice.py,Core Attack Chain,Core Attack Chain,,False,True
KMike,39,3af22,<module>@ransomware_core_comms_cnc_generator.py_slice.py,Core Attack Chain,Core Attack Chain,,False,True
KMike,39,3af22,<body>@ransomware_core_crypto_asymmetric_encryption.py_slice.py,Core Attack Chain,Full Attack Chain,,False,True
KMike,39,3af22,<module>@ransomware_core_decrypt_files.py_slice.py,Core Attack Chain,Full Attack Chain,,False,True
KMike,39,3af22,<module>@c_and_c_server_payment.py_slice.py,Core Attack Chain,Core Attack Chain,,False,True
KMike,39,3af22,<module>@c_and_c_server_server.py_slice.py,Core Attack Chain,Core Attack Chain,,False,True
KMike,39,3af22,<module>@c_and_c_server_asymmetric_encryption.py_slice.py,Undetermined,Undetermined,,False,True
KMike,39,3af22,<module>@c_and_c_server_db.py_slice.py,Core Attack Chain,Core Attack Chain,,False,True
KMike,39,3af22,<module>@ransomware_core_comms_decrypt.py_slice.py,Core Attack Chain,Core Attack Chain,,False,True
KMike,39,3af22,<body>@c_and_c_server_asymmetric_encryption.py_slice.py,Core Attack Chain,Full Attack Chain,,False,True
KeySpy,9,f1f6c,NEW@<module>@platform_linux_keylogger.py_slice.py,Core Attack Chain,Core Attack Chain,,False,True
KeySpy,9,f1f6c,NEW@<body>@platform_windows_keylogger.py_slice.py,Core Attack Chain,Full Attack Chain,no network,False,True
KeySpy,9,f1f6c,NEW@<module>@scripts_install_dependencies.py_slice.py,Benign,Benign,,False,True
KeySpy,9,f1f6c,<body>@core_data_handler.py_slice.py,Benign,Benign,,False,True
KeySpy,9,f1f6c,<body>@core_logger.py_slice.py,Core Attack Chain,Core Attack Chain,,False,True
KeySpy,9,f1f6c,<body>@core_alert_manager.py_slice.py,Core Attack Chain,Core Attack Chain,,False,True
KeySpy,9,f1f6c,<module>@config_secret_key_generator.py_slice.py,Benign,Benign,,False,True
KeySpy,9,f1f6c,NEW@<module>@platform_mac_keylogger.py_slice.py,Core Attack Chain,Core Attack Chain,,False,True
KeySpy,9,f1f6c,NEW@<body>@platform_linux_keylogger.py_slice.py,Core Attack Chain,Full Attack Chain,no network,False,True
KeySpy,9,f1f6c,NEW@<body>@platform_mac_keylogger.py_slice.py,Core Attack Chain,Core Attack Chain,,False,True
KeySpy,9,f1f6c,<body>@core_persistence.py_slice.py,Core Attack Chain,Core Attack Chain,,False,True
KeySpy,9,f1f6c,NEW@<module>@platform_windows_keylogger.py_slice.py,Core Attack Chain,Core Attack Chain,,False,True
KeySpy,11,8a2cb,NEW@<module>@platform_linux_keylogger.py_slice.py,Core Attack Chain,Core Attack Chain,,False,True
KeySpy,11,8a2cb,NEW@<body>@platform_windows_keylogger.py_slice.py,Core Attack Chain,Full Attack Chain,no network,False,True
KeySpy,11,8a2cb,<module>@scripts_install_dependencies.py_slice.py,Benign,Benign,,False,True
KeySpy,11,8a2cb,<body>@core_data_handler.py_slice.py,Benign,Benign,,False,True
KeySpy,11,8a2cb,NEW@<module>@scripts_run_keylogger.py_slice.py,Core Attack Chain,Core Attack Chain,,False,True
KeySpy,11,8a2cb,<body>@core_logger.py_slice.py,Core Attack Chain,Core Attack Chain,,False,True
KeySpy,11,8a2cb,<body>@core_alert_manager.py_slice.py,Core Attack Chain,Core Attack Chain,,False,True
KeySpy,11,8a2cb,<module>@config_secret_key_generator.py_slice.py,Benign,Benign,,False,True
KeySpy,11,8a2cb,NEW@<module>@platform_mac_keylogger.py_slice.py,Core Attack Chain,Core Attack Chain,,False,True
KeySpy,11,8a2cb,NEW@<body>@platform_linux_keylogger.py_slice.py,Core Attack Chain,Full Attack Chain,no network,False,True
KeySpy,11,8a2cb,NEW@<body>@platform_mac_keylogger.py_slice.py,Core Attack Chain,Core Attack Chain,,False,True
KeySpy,11,8a2cb,<module>@scripts_setup_env.py_slice.py,Benign,Benign,,False,True
KeySpy,11,8a2cb,<body>@core_persistence.py_slice.py,Core Attack Chain,Core Attack Chain,,False,True
KeySpy,11,8a2cb,NEW@<module>@platform_windows_keylogger.py_slice.py,Core Attack Chain,Core Attack Chain,,False,True
KeySpy,13,216b7,NEW@<module>@platform_linux_keylogger.py_slice.py,Core Attack Chain,Core Attack Chain,,False,True
KeySpy,13,216b7,NEW@<body>@platform_windows_keylogger.py_slice.py,Core Attack Chain,Full Attack Chain,no network,False,True
KeySpy,13,216b7,NEW@<body>@core_data_handler.py_slice.py,Benign,Benign,,False,True
KeySpy,13,216b7,NEW@<module>@scripts_test_logging.py_slice.py,Core Attack Chain,Core Attack Chain,,False,True
KeySpy,13,216b7,<module>@scripts_install_dependencies.py_slice.py,Benign,Benign,,False,True
KeySpy,13,216b7,NEW@<module>@scripts_run_keylogger.py_slice.py,Core Attack Chain,Core Attack Chain,,False,True
KeySpy,13,216b7,<body>@core_alert_manager.py_slice.py,Core Attack Chain,Core Attack Chain,,False,True
KeySpy,13,216b7,NEW@<module>@scripts_monitor_keylogger.py_slice.py,Undetermined,Undetermined,,False,True
KeySpy,13,216b7,NEW@<body>@core_logger.py_slice.py,Core Attack Chain,Core Attack Chain,,False,True
KeySpy,13,216b7,<module>@config_secret_key_generator.py_slice.py,Benign,Benign,,False,True
KeySpy,13,216b7,NEW@<module>@platform_mac_keylogger.py_slice.py,Core Attack Chain,Core Attack Chain,,False,True
KeySpy,13,216b7,NEW@<body>@platform_linux_keylogger.py_slice.py,Core Attack Chain,Core Attack Chain,,False,True
KeySpy,13,216b7,NEW@<body>@platform_mac_keylogger.py_slice.py,Core Attack Chain,Core Attack Chain,,False,True
KeySpy,13,216b7,<module>@scripts_setup_env.py_slice.py,Benign,Benign,,False,True
KeySpy,13,216b7,<body>@core_persistence.py_slice.py,Core Attack Chain,Core Attack Chain,,False,True
KeySpy,13,216b7,NEW@<module>@platform_windows_keylogger.py_slice.py,Core Attack Chain,Core Attack Chain,,False,True
KeySpy,14,933b5,<module>@scripts_test_logging.py_slice.py,Core Attack Chain,Core Attack Chain,,False,True
KeySpy,14,933b5,NEW@<module>@platform_linux_keylogger.py_slice.py,Core Attack Chain,Core Attack Chain,,False,True
KeySpy,14,933b5,NEW@<body>@platform_windows_keylogger.py_slice.py,Core Attack Chain,Core Attack Chain,,False,True
KeySpy,14,933b5,NEW@<body>@tests_test_logger.py_slice.py,Core Attack Chain,Core Attack Chain,,False,True
KeySpy,14,933b5,<module>@scripts_install_dependencies.py_slice.py,Benign,Benign,,False,True
KeySpy,14,933b5,<body>@core_data_handler.py_slice.py,Benign,Benign,,False,True
KeySpy,14,933b5,NEW@<module>@scripts_run_keylogger.py_slice.py,Core Attack Chain,Core Attack Chain,,False,True
KeySpy,14,933b5,<body>@core_alert_manager.py_slice.py,Core Attack Chain,Core Attack Chain,,False,True
KeySpy,14,933b5,NEW@<module>@scripts_monitor_keylogger.py_slice.py,Undetermined,Undetermined,,False,True
KeySpy,14,933b5,NEW@<body>@core_logger.py_slice.py,Core Attack Chain,Core Attack Chain,,False,True
KeySpy,14,933b5,<module>@config_secret_key_generator.py_slice.py,Benign,Benign,,False,True
KeySpy,14,933b5,NEW@<module>@platform_mac_keylogger.py_slice.py,Core Attack Chain,Core Attack Chain,,False,True
KeySpy,14,933b5,NEW@<body>@platform_linux_keylogger.py_slice.py,Core Attack Chain,Core Attack Chain,,False,True
KeySpy,14,933b5,NEW@<body>@platform_mac_keylogger.py_slice.py,Core Attack Chain,Core Attack Chain,,False,True
KeySpy,14,933b5,<module>@scripts_setup_env.py_slice.py,Benign,Benign,,False,True
KeySpy,14,933b5,<body>@core_persistence.py_slice.py,Core Attack Chain,Core Attack Chain,,False,True
KeySpy,14,933b5,NEW@<module>@platform_windows_keylogger.py_slice.py,Core Attack Chain,Full Attack Chain,no network,False,True
KeySpy,15,04fa2,NEW@<module>@platform_linux_keylogger.py_slice.py,Core Attack Chain,Core Attack Chain,,False,True
KeySpy,15,04fa2,NEW@<body>@platform_windows_keylogger.py_slice.py,Core Attack Chain,Core Attack Chain,,False,True
KeySpy,15,04fa2,NEW@<body>@tests_test_logger.py_slice.py,Core Attack Chain,Core Attack Chain,,False,True
KeySpy,15,04fa2,NEW@<body>@tests_test_data_handler.py_slice.py,Benign,Benign,,False,True
KeySpy,15,04fa2,NEW@<module>@scripts_test_logging.py_slice.py,Core Attack Chain,Core Attack Chain,,False,True
KeySpy,15,04fa2,<module>@scripts_install_dependencies.py_slice.py,Benign,Benign,,False,True
KeySpy,15,04fa2,<body>@core_data_handler.py_slice.py,Benign,Benign,,False,True
KeySpy,15,04fa2,NEW@<module>@scripts_run_keylogger.py_slice.py,Core Attack Chain,Core Attack Chain,,False,True
KeySpy,15,04fa2,<body>@core_logger.py_slice.py,Core Attack Chain,Core Attack Chain,,False,True
KeySpy,15,04fa2,<body>@core_alert_manager.py_slice.py,Core Attack Chain,Core Attack Chain,,False,True
KeySpy,15,04fa2,<module>@config_secret_key_generator.py_slice.py,Benign,Benign,,False,True
KeySpy,15,04fa2,NEW@<module>@platform_mac_keylogger.py_slice.py,Core Attack Chain,Core Attack Chain,,False,True
KeySpy,15,04fa2,<module>@scripts_monitor_keylogger.py_slice.py,Undetermined,Undetermined,,False,True
KeySpy,15,04fa2,NEW@<body>@platform_linux_keylogger.py_slice.py,Core Attack Chain,Full Attack Chain,no network,False,True
KeySpy,15,04fa2,NEW@<body>@platform_mac_keylogger.py_slice.py,Core Attack Chain,Core Attack Chain,,False,True
KeySpy,15,04fa2,<module>@scripts_setup_env.py_slice.py,Benign,Benign,,False,True
KeySpy,15,04fa2,<body>@core_persistence.py_slice.py,Core Attack Chain,Core Attack Chain,,False,True
KeySpy,15,04fa2,NEW@<module>@platform_windows_keylogger.py_slice.py,Core Attack Chain,Full Attack Chain,no network,False,True
KeySpy,20,4eacf,NEW@<module>@platform_linux_keylogger.py_slice.py,Core Attack Chain,Core Attack Chain,,False,True
KeySpy,20,4eacf,NEW@<body>@platform_windows_keylogger.py_slice.py,Core Attack Chain,Core Attack Chain,,False,True
KeySpy,20,4eacf,NEW@<body>@tests_test_logger.py_slice.py,Core Attack Chain,Core Attack Chain,,False,True
KeySpy,20,4eacf,<body>@tests_test_data_handler.py_slice.py,Benign,Benign,,False,True
KeySpy,20,4eacf,NEW@<module>@scripts_test_logging.py_slice.py,Core Attack Chain,Core Attack Chain,,False,True
KeySpy,20,4eacf,<module>@scripts_install_dependencies.py_slice.py,Benign,Benign,,False,True
KeySpy,20,4eacf,<body>@core_data_handler.py_slice.py,Benign,Benign,,False,True
KeySpy,20,4eacf,NEW@<module>@scripts_run_keylogger.py_slice.py,Core Attack Chain,Core Attack Chain,,False,True
KeySpy,20,4eacf,<body>@core_logger.py_slice.py,Core Attack Chain,Core Attack Chain,,False,True
KeySpy,20,4eacf,<body>@core_alert_manager.py_slice.py,Core Attack Chain,Core Attack Chain,,False,True
KeySpy,20,4eacf,NEW@<module>@utils_encryption.py_slice.py,Benign,Benign,,False,True
KeySpy,20,4eacf,NEW@<body>@utils_encryption.py_slice.py,Undetermined,Undetermined,,False,True
KeySpy,20,4eacf,<body>@tests_test_alert_manager.py_slice.py,Benign,Benign,,False,True
KeySpy,20,4eacf,<body>@tests_test_persistence.py_slice.py,Undetermined,Undetermined,,False,True
KeySpy,20,4eacf,<module>@config_secret_key_generator.py_slice.py,Benign,Benign,,False,True
KeySpy,20,4eacf,NEW@<module>@platform_mac_keylogger.py_slice.py,Core Attack Chain,Core Attack Chain,,False,True
KeySpy,20,4eacf,<module>@scripts_monitor_keylogger.py_slice.py,Undetermined,Undetermined,,False,True
KeySpy,20,4eacf,NEW@<body>@platform_linux_keylogger.py_slice.py,Core Attack Chain,Core Attack Chain,,False,True
KeySpy,20,4eacf,<body>@tests_test_config_loader.py_slice.py,Benign,Benign,,False,True
KeySpy,20,4eacf,NEW@<body>@platform_mac_keylogger.py_slice.py,Core Attack Chain,Core Attack Chain,,False,True
KeySpy,20,4eacf,<module>@scripts_setup_env.py_slice.py,Benign,Benign,,False,True
KeySpy,20,4eacf,<body>@core_persistence.py_slice.py,Core Attack Chain,Core Attack Chain,,False,True
KeySpy,20,4eacf,NEW@<module>@platform_windows_keylogger.py_slice.py,Core Attack Chain,Full Attack Chain,no network,False,True
KeySpy,21,119a1,NEW@<module>@platform_linux_keylogger.py_slice.py,Core Attack Chain,Core Attack Chain,,False,True
KeySpy,21,119a1,NEW@<body>@platform_windows_keylogger.py_slice.py,Core Attack Chain,Full Attack Chain,no network,False,True
KeySpy,21,119a1,NEW@<body>@tests_test_logger.py_slice.py,Core Attack Chain,Core Attack Chain,,False,True
KeySpy,21,119a1,<module>@utils_encryption.py_slice.py,Benign,Benign,,False,True
KeySpy,21,119a1,<body>@tests_test_data_handler.py_slice.py,Benign,Benign,,False,True
KeySpy,21,119a1,NEW@<module>@scripts_test_logging.py_slice.py,Core Attack Chain,Core Attack Chain,,False,True
KeySpy,21,119a1,<module>@scripts_install_dependencies.py_slice.py,Benign,Benign,,False,True
KeySpy,21,119a1,<body>@utils_encryption.py_slice.py,Undetermined,Undetermined,,False,True
KeySpy,21,119a1,<body>@core_data_handler.py_slice.py,Benign,Benign,,False,True
KeySpy,21,119a1,NEW@<module>@scripts_run_keylogger.py_slice.py,Core Attack Chain,Core Attack Chain,,False,True
KeySpy,21,119a1,NEW@<body>@utils_file_handler.py_slice.py,Benign,Benign,,False,True
KeySpy,21,119a1,<body>@core_logger.py_slice.py,Core Attack Chain,Core Attack Chain,,False,True
KeySpy,21,119a1,<body>@core_alert_manager.py_slice.py,Core Attack Chain,Core Attack Chain,,False,True
KeySpy,21,119a1,<body>@tests_test_alert_manager.py_slice.py,Benign,Benign,,False,True
KeySpy,21,119a1,<body>@tests_test_persistence.py_slice.py,Undetermined,Undetermined,,False,True
KeySpy,21,119a1,<module>@config_secret_key_generator.py_slice.py,Benign,Benign,,False,True
KeySpy,21,119a1,NEW@<module>@platform_mac_keylogger.py_slice.py,Core Attack Chain,Core Attack Chain,,False,True
KeySpy,21,119a1,<module>@scripts_monitor_keylogger.py_slice.py,Undetermined,Undetermined,,False,True
KeySpy,21,119a1,NEW@<body>@platform_linux_keylogger.py_slice.py,Core Attack Chain,Core Attack Chain,,False,True
KeySpy,21,119a1,<body>@tests_test_config_loader.py_slice.py,Benign,Benign,,False,True
KeySpy,21,119a1,NEW@<body>@platform_mac_keylogger.py_slice.py,Core Attack Chain,Core Attack Chain,,False,True
KeySpy,21,119a1,<module>@scripts_setup_env.py_slice.py,Benign,Benign,,False,True
KeySpy,21,119a1,<body>@core_persistence.py_slice.py,Core Attack Chain,Core Attack Chain,,False,True
KeySpy,21,119a1,NEW@<module>@platform_windows_keylogger.py_slice.py,Core Attack Chain,Core Attack Chain,,False,True
KeySpy,23,2e4a4,NEW@<module>@platform_linux_keylogger.py_slice.py,Core Attack Chain,Full Attack Chain,no network,False,True
KeySpy,23,2e4a4,NEW@<body>@platform_windows_keylogger.py_slice.py,Core Attack Chain,Core Attack Chain,,False,True
KeySpy,23,2e4a4,NEW@<body>@tests_test_logger.py_slice.py,Core Attack Chain,Core Attack Chain,,False,True
KeySpy,23,2e4a4,<module>@utils_encryption.py_slice.py,Benign,Benign,,False,True
KeySpy,23,2e4a4,<body>@tests_test_data_handler.py_slice.py,Benign,Benign,,False,True
KeySpy,23,2e4a4,NEW@<module>@scripts_test_logging.py_slice.py,Core Attack Chain,Core Attack Chain,,False,True
KeySpy,23,2e4a4,<module>@scripts_install_dependencies.py_slice.py,Benign,Benign,,False,True
KeySpy,23,2e4a4,<body>@utils_encryption.py_slice.py,Undetermined,Undetermined,,False,True
KeySpy,23,2e4a4,<body>@core_data_handler.py_slice.py,Benign,Benign,,False,True
KeySpy,23,2e4a4,NEW@<module>@scripts_run_keylogger.py_slice.py,Core Attack Chain,Core Attack Chain,,False,True
KeySpy,23,2e4a4,<body>@core_logger.py_slice.py,Core Attack Chain,Core Attack Chain,,False,True
KeySpy,23,2e4a4,<body>@core_alert_manager.py_slice.py,Core Attack Chain,Core Attack Chain,,False,True
KeySpy,23,2e4a4,<body>@tests_test_alert_manager.py_slice.py,Benign,Benign,,False,True
KeySpy,23,2e4a4,parse_json@utils_formatter.py_slice.py,Benign,Benign,,False,True
KeySpy,23,2e4a4,<body>@tests_test_persistence.py_slice.py,Undetermined,Undetermined,,False,True
KeySpy,23,2e4a4,<module>@config_secret_key_generator.py_slice.py,Benign,Benign,,False,True
KeySpy,23,2e4a4,NEW@<module>@platform_mac_keylogger.py_slice.py,Core Attack Chain,Core Attack Chain,,False,True
KeySpy,23,2e4a4,<module>@scripts_monitor_keylogger.py_slice.py,Undetermined,Undetermined,,False,True
KeySpy,23,2e4a4,NEW@<body>@platform_linux_keylogger.py_slice.py,Core Attack Chain,Core Attack Chain,,False,True
KeySpy,23,2e4a4,<body>@tests_test_config_loader.py_slice.py,Benign,Benign,,False,True
KeySpy,23,2e4a4,NEW@<body>@platform_mac_keylogger.py_slice.py,Core Attack Chain,Core Attack Chain,,False,True
KeySpy,23,2e4a4,<body>@utils_file_handler.py_slice.py,Benign,Benign,,False,True
KeySpy,23,2e4a4,NEW@setup_logger@utils_logger.py_slice.py,Benign,Benign,,False,True
KeySpy,23,2e4a4,<module>@scripts_setup_env.py_slice.py,Benign,Benign,,False,True
KeySpy,23,2e4a4,<body>@core_persistence.py_slice.py,Core Attack Chain,Core Attack Chain,,False,True
KeySpy,23,2e4a4,NEW@<module>@platform_windows_keylogger.py_slice.py,Core Attack Chain,Core Attack Chain,,False,True
Python_KeyLogger_Prototype,4,25ded,NEW@<module>@test.py_slice.py,Core Attack Chain,Full Attack Chain,no key stroke,False,True
Python_KeyLogger_Prototype,4,25ded,<module>@KYLR.py_slice.py,Core Attack Chain,Core Attack Chain,,False,True
megaloptera,4,695c1,<module>@main.py_slice.py,Undetermined,Undetermined,,False,True
megaloptera,4,695c1,NEW@<module>@megaloptera.py_slice.py,Core Attack Chain,Full Attack Chain,data flow missing,False,True
