repo_name,commit_num,commit,ground_truth,prediction
1stMalware,0,3fd09,Benign,Undetermined
1stMalware,1,ba466,Core Attack Chain,Core Attack Chain
1stMalware,2,177b1,Core Attack Chain,Core Attack Chain
1stMalware,3,f5809,Undetermined,Undetermined
1stMalware,4,c45da,Core Attack Chain,Core Attack Chain
1stMalware,5,426f7,Core Attack Chain,Core Attack Chain
1stMalware,6,21b58,Full Attack Chain,Full Attack Chain
1stMalware,7,3a8ed,Full Attack Chain,Full Attack Chain
1stMalware,8,03ca7,Core Attack Chain,Core Attack Chain
1stMalware,9,47f7a,Core Attack Chain,Core Attack Chain
1stMalware,10,3a1e0,Core Attack Chain,Core Attack Chain
Basic-Keylogger,0,5a51a,Core Attack Chain,Core Attack Chain
Basic-Keylogger,1,808fa,Core Attack Chain,Core Attack Chain
Basic-Keylogger,2,b573a,Core Attack Chain,Core Attack Chain
Basic-Keylogger,3,00252,Core Attack Chain,Core Attack Chain
BskyBot,0,60dc3,Benign,Benign
BskyBot,1,e7c5d,Undetermined,Undetermined
BskyBot,2,dc601,Undetermined,Undetermined
BskyBot,3,48818,Undetermined,Undetermined
BskyBot,4,bae5f,Full Attack Chain,Core Attack Chain
BskyBot,5,b7819,Full Attack Chain,Core Attack Chain
BskyBot,6,57dd6,Full Attack Chain,Core Attack Chain
BskyBot,7,7e97f,Full Attack Chain,Full Attack Chain
BskyBot,8,e0939,Full Attack Chain,Full Attack Chain
BskyBot,9,d789a,Full Attack Chain,Full Attack Chain
BskyBot,10,baced,Full Attack Chain,Core Attack Chain
BskyBot,11,fbe51,Full Attack Chain,Core Attack Chain
BskyBot,12,b40cc,Full Attack Chain,Core Attack Chain
Chrome_pass_stealer,0,0c8fb,Core Attack Chain,Core Attack Chain
Chrome_pass_stealer,1,0eeba,Core Attack Chain,Core Attack Chain
Chrome_pass_stealer,2,5c618,Core Attack Chain,Core Attack Chain
Chrome_pass_stealer,3,915e2,Core Attack Chain,Core Attack Chain
Chrome_pass_stealer,4,d766e,Full Attack Chain,Full Attack Chain
Chrome_pass_stealer,5,444fc,Full Attack Chain,Full Attack Chain
Chrome_pass_stealer,6,915e2,Full Attack Chain,Full Attack Chain
Chrome_pass_stealer,7,73291,Full Attack Chain,Full Attack Chain
Chrome_pass_stealer,8,4ac98,Full Attack Chain,Full Attack Chain
Chrome_pass_stealer,9,56cdf,Full Attack Chain,Full Attack Chain
Chrome_pass_stealer,11,b6c64,Full Attack Chain,Full Attack Chain
Chrome_pass_stealer,12,5d3bc,Full Attack Chain,Full Attack Chain
HackerDoomsday,2,4533e,Full Attack Chain,Full Attack Chain
HackerDoomsday,3,90d6a,Full Attack Chain,Full Attack Chain
HackerDoomsday,4,4dce8,Full Attack Chain,Full Attack Chain
HackerDoomsday,5,96855,Full Attack Chain,Full Attack Chain
HackerDoomsday,6,74617,Full Attack Chain,Full Attack Chain
HackerDoomsday,7,55bbf,Full Attack Chain,Full Attack Chain
HackerDoomsday,8,63891,Full Attack Chain,Full Attack Chain
HackerDoomsday,9,587b0,Full Attack Chain,Full Attack Chain
HackerDoomsday,10,b73db,Full Attack Chain,Full Attack Chain
HackerDoomsday,11,cfc7a,Full Attack Chain,Full Attack Chain
HackerDoomsday,12,22e8b,Full Attack Chain,Full Attack Chain
HackerDoomsday,13,584b5,Full Attack Chain,Full Attack Chain
HackerDoomsday,14,79e7c,Full Attack Chain,Full Attack Chain
HackerDoomsday,15,2b860,Full Attack Chain,Full Attack Chain
HackerDoomsday,16,de183,Full Attack Chain,Full Attack Chain
HackerDoomsday,17,2bf39,Full Attack Chain,Full Attack Chain
HackerDoomsday,18,b4360,Full Attack Chain,Full Attack Chain
HackerDoomsday,19,09785,Full Attack Chain,Full Attack Chain
HackerDoomsday,20,9b8ec,Full Attack Chain,Full Attack Chain
HackerDoomsday,21,88b3c,Full Attack Chain,Full Attack Chain
HackerDoomsday,22,3b318,Full Attack Chain,Full Attack Chain
HackerDoomsday,23,cc00d,Full Attack Chain,Full Attack Chain
Hallucinate,0,1ab46,Benign,Benign
Hallucinate,1,1971e,Benign,Benign
Hallucinate,2,cf047,Benign,Benign
Hallucinate,3,ea14a,Benign,Benign
Hallucinate,4,961c9,Full Attack Chain,Core Attack Chain
Infinite-Folder-Virus,0,ba7bd,,
Infinite-Folder-Virus,1,4a9ea,Full Attack Chain,Full Attack Chain
Infinite-Folder-Virus,2,65556,Full Attack Chain,Full Attack Chain
Infinite-Folder-Virus,3,7ac4d,Full Attack Chain,Full Attack Chain
Infinite-Folder-Virus,4,88f37,Full Attack Chain,Full Attack Chain
Infinite-Folder-Virus,5,2118e,Full Attack Chain,Full Attack Chain
Infinite-Folder-Virus,6,90d1d,Full Attack Chain,Full Attack Chain
Infinite-Folder-Virus,7,a6604,Full Attack Chain,Full Attack Chain
Infinite-Folder-Virus,8,4f6a1,Full Attack Chain,Full Attack Chain
Infinite-Folder-Virus,9,f5eb8,Full Attack Chain,Full Attack Chain
Infinite-Folder-Virus,10,eb4ab,Full Attack Chain,Full Attack Chain
Infinite-Folder-Virus,11,983cf,Full Attack Chain,Full Attack Chain
Infinite-Folder-Virus,12,a5995,Full Attack Chain,Full Attack Chain
Infinite-Folder-Virus,13,903ad,Full Attack Chain,Full Attack Chain
Infinite-Folder-Virus,14,8c8d1,Full Attack Chain,Full Attack Chain
Infinite-Folder-Virus,15,f9ce1,Full Attack Chain,Full Attack Chain
Infinite-Folder-Virus,16,1c08f,Full Attack Chain,Full Attack Chain
Infinite-Folder-Virus,17,9f429,Full Attack Chain,Full Attack Chain
Infinite-Folder-Virus,18,926e2,Full Attack Chain,Full Attack Chain
Infinite-Folder-Virus,19,4e4db,Full Attack Chain,Full Attack Chain
KMike,1,798ec,Core Attack Chain,Core Attack Chain
KMike,2,2b764,Benign,Benign
KMike,3,c5401,Core Attack Chain,Core Attack Chain
KMike,4,4e187,Core Attack Chain,Core Attack Chain
KMike,5,d08a2,Core Attack Chain,Core Attack Chain
KMike,6,e3a63,Core Attack Chain,Core Attack Chain
KMike,7,8fb52,Core Attack Chain,Core Attack Chain
KMike,8,15cec,Core Attack Chain,Core Attack Chain
KMike,9,dd6c0,Core Attack Chain,Core Attack Chain
KMike,10,f9b65,Core Attack Chain,Core Attack Chain
KMike,11,53197,Core Attack Chain,Core Attack Chain
KMike,12,647fe,Core Attack Chain,Core Attack Chain
KMike,13,1ccc9,Core Attack Chain,Core Attack Chain
KMike,14,62b21,Core Attack Chain,Core Attack Chain
KMike,15,abafd,Core Attack Chain,Core Attack Chain
KMike,16,33184,Core Attack Chain,Core Attack Chain
KMike,17,d75a9,Core Attack Chain,Core Attack Chain
KMike,18,6e12c,Core Attack Chain,Core Attack Chain
KMike,19,260e6,Core Attack Chain,Core Attack Chain
KMike,20,c18d4,Core Attack Chain,Core Attack Chain
KMike,21,bf4f9,Core Attack Chain,Core Attack Chain
KMike,22,1f1ca,Core Attack Chain,Core Attack Chain
KMike,23,b7edb,Core Attack Chain,Core Attack Chain
KMike,24,51fa8,Core Attack Chain,Core Attack Chain
KMike,25,7aa7d,Core Attack Chain,Core Attack Chain
KMike,26,36360,Core Attack Chain,Core Attack Chain
KMike,27,9873a,Core Attack Chain,Core Attack Chain
KMike,28,ef755,Core Attack Chain,Core Attack Chain
KMike,29,658cc,Core Attack Chain,Core Attack Chain
KMike,30,6201f,Core Attack Chain,Core Attack Chain
KMike,31,3a48f,Core Attack Chain,Core Attack Chain
KMike,32,8ed32,Core Attack Chain,Core Attack Chain
KMike,33,55750,Core Attack Chain,Core Attack Chain
KMike,34,3f8b3,Core Attack Chain,Core Attack Chain
KMike,35,a7ccd,Core Attack Chain,Core Attack Chain
KMike,36,602d0,Core Attack Chain,Core Attack Chain
KMike,37,a6b60,Core Attack Chain,Core Attack Chain
KMike,38,ad463,Core Attack Chain,Core Attack Chain
KMike,39,3af22,Core Attack Chain,Core Attack Chain
KeySpy,0,ceb99,Benign,Benign
KeySpy,1,c5bb0,Benign,Benign
KeySpy,2,ecb6a,Core Attack Chain,Core Attack Chain
KeySpy,3,2075a,Core Attack Chain,Core Attack Chain
KeySpy,4,8e87b,Core Attack Chain,Core Attack Chain
KeySpy,5,1d0a5,Core Attack Chain,Core Attack Chain
KeySpy,6,eaef5,Core Attack Chain,Core Attack Chain
KeySpy,7,9c9d6,Core Attack Chain,Core Attack Chain
KeySpy,8,42040,Core Attack Chain,Core Attack Chain
KeySpy,9,f1f6c,Core Attack Chain,Core Attack Chain
KeySpy,10,d0e6c,Core Attack Chain,Core Attack Chain
KeySpy,11,8a2cb,Core Attack Chain,Core Attack Chain
KeySpy,12,26d79,Core Attack Chain,Core Attack Chain
KeySpy,13,216b7,Core Attack Chain,Core Attack Chain
KeySpy,14,933b5,Core Attack Chain,Core Attack Chain
KeySpy,15,04fa2,Core Attack Chain,Core Attack Chain
KeySpy,16,1dc1b,Core Attack Chain,Core Attack Chain
KeySpy,17,71084,Core Attack Chain,Core Attack Chain
KeySpy,18,c1a12,Core Attack Chain,Core Attack Chain
KeySpy,19,d4716,Core Attack Chain,Core Attack Chain
KeySpy,20,4eacf,Core Attack Chain,Core Attack Chain
KeySpy,21,119a1,Core Attack Chain,Core Attack Chain
KeySpy,22,46bc5,Core Attack Chain,Core Attack Chain
KeySpy,23,2e4a4,Core Attack Chain,Core Attack Chain
KeySpy,24,f69a3,Core Attack Chain,Core Attack Chain
KeySpy,25,b65de,Full Attack Chain,Full Attack Chain
MakeMalware_EthicalHacking,0,3db3c,Full Attack Chain,Full Attack Chain
MakeMalware_EthicalHacking,1,a587c,Full Attack Chain,Full Attack Chain
MakeMalware_EthicalHacking,2,ce388,Full Attack Chain,Full Attack Chain
MakeMalware_EthicalHacking,3,2cfa9,Full Attack Chain,Full Attack Chain
MakeMalware_EthicalHacking,4,06deb,Full Attack Chain,Full Attack Chain
MakeMalware_EthicalHacking,5,f2561,Full Attack Chain,Full Attack Chain
MakeMalware_EthicalHacking,6,40c64,Full Attack Chain,Full Attack Chain
MakeMalware_EthicalHacking,7,b044a,Full Attack Chain,Full Attack Chain
MakeMalware_EthicalHacking,8,e2fd5,Full Attack Chain,Full Attack Chain
MakeMalware_EthicalHacking,9,31751,Full Attack Chain,Full Attack Chain
MakeMalware_EthicalHacking,10,6b7e3,Full Attack Chain,Full Attack Chain
MakeMalware_EthicalHacking,11,fa6ae,Full Attack Chain,Full Attack Chain
MakeMalware_EthicalHacking,12,f0f7d,Full Attack Chain,Full Attack Chain
MakeMalware_EthicalHacking,13,e3fe9,Full Attack Chain,Full Attack Chain
MakeMalware_EthicalHacking,14,4bc0e,Full Attack Chain,Full Attack Chain
MakeMalware_EthicalHacking,15,7ad1b,Full Attack Chain,Full Attack Chain
MakeMalware_EthicalHacking,16,c418d,Full Attack Chain,Full Attack Chain
MakeMalware_EthicalHacking,17,74015,Full Attack Chain,Full Attack Chain
Malicious-Debian-Package-Maker,1,3d8bc,Benign,Benign
Malicious-Debian-Package-Maker,2,dafbc,Benign,Benign
Malicious-Debian-Package-Maker,3,8111f,Undetermined,Undetermined
Malicious-Debian-Package-Maker,4,8c58b,Benign,Benign
Malicious-Debian-Package-Maker,5,5b718,Undetermined,Undetermined
Malicious-Debian-Package-Maker,6,f45f7,Undetermined,Undetermined
Malicious-Debian-Package-Maker,7,08b1a,Undetermined,Undetermined
Malicious-Debian-Package-Maker,8,5b3ce,Core Attack Chain,Core Attack Chain
Malicious-Debian-Package-Maker,9,5acf1,Full Attack Chain,Full Attack Chain
Malicious-Debian-Package-Maker,10,44e01,Full Attack Chain,Full Attack Chain
Malicious-Debian-Package-Maker,11,fb3cd,Full Attack Chain,Full Attack Chain
Malicious-Debian-Package-Maker,12,563e4,Full Attack Chain,Full Attack Chain
Malware,0,efd75,Core Attack Chain,Core Attack Chain
Malware,1,1cd73,Core Attack Chain,Core Attack Chain
Malware,2,191eb,Core Attack Chain,Core Attack Chain
Malware,3,1c436,Core Attack Chain,Core Attack Chain
Malware,4,1b6b3,Core Attack Chain,Core Attack Chain
Malware,5,67fd6,Core Attack Chain,Core Attack Chain
Malware,6,c92fb,Full Attack Chain,Full Attack Chain
Malware,7,6299c,Full Attack Chain,Full Attack Chain
Malware,8,ee86b,Full Attack Chain,Full Attack Chain
Malware,9,ebdb7,Full Attack Chain,Full Attack Chain
Malware,10,123bd,Full Attack Chain,Full Attack Chain
Malware,11,f560c,Full Attack Chain,Full Attack Chain
Malware,12,3d6cb,Full Attack Chain,Full Attack Chain
MirageLink-rat-gui,0,719c8,Full Attack Chain,Full Attack Chain
MirageLink-rat-gui,1,6d2af,Full Attack Chain,Full Attack Chain
MirageLink-rat-gui,2,a4a85,Full Attack Chain,Full Attack Chain
MirageLink-rat-gui,3,b3c15,Full Attack Chain,Full Attack Chain
MirageLink-rat-gui,4,b79f1,Full Attack Chain,Full Attack Chain
MirageLink-rat-gui,5,2c888,Full Attack Chain,Full Attack Chain
MirageLink-rat-gui,6,eee30,Full Attack Chain,Full Attack Chain
MirageLink-rat-gui,7,445a2,Full Attack Chain,Full Attack Chain
MirageLink-rat-gui,8,1eab6,Full Attack Chain,Full Attack Chain
MirageLink-rat-gui,9,c0342,Full Attack Chain,Full Attack Chain
MirageLink-rat-gui,10,3f1a6,Full Attack Chain,Full Attack Chain
MirageLink-rat-gui,11,e0592,Full Attack Chain,Full Attack Chain
MirageLink-rat-gui,12,51b32,Core Attack Chain,Core Attack Chain
MirageLink-rat-gui,13,0c0f3,Core Attack Chain,Core Attack Chain
MirageLink-rat-gui,14,38efe,Core Attack Chain,Core Attack Chain
MirageLink-rat-gui,15,7d0ce,Core Attack Chain,Core Attack Chain
MirageLink-rat-gui,16,b03b0,Core Attack Chain,Core Attack Chain
MirageLink-rat-gui,17,47da4,,
MirageLink-rat-gui,17,b03b0,,
MirageLink-rat-gui,18,1ec14,Core Attack Chain,Core Attack Chain
MirageLink-rat-gui,19,cf4ae,Core Attack Chain,Core Attack Chain
MirageLink-rat-gui,20,16f9f,Core Attack Chain,Core Attack Chain
MirageLink-rat-gui,21,7a380,Core Attack Chain,Core Attack Chain
MirageLink-rat-gui,22,ba9e2,Core Attack Chain,Core Attack Chain
MirageLink-rat-gui,23,b2e6a,Core Attack Chain,Core Attack Chain
MirageLink-rat-gui,24,b1fa2,Core Attack Chain,Core Attack Chain
MirageLink-rat-gui,25,13334,Core Attack Chain,Core Attack Chain
MirageLink-rat-gui,26,7761a,Core Attack Chain,Core Attack Chain
MirageLink-rat-gui,27,d179f,Core Attack Chain,Core Attack Chain
MirageLink-rat-gui,28,17166,Core Attack Chain,Core Attack Chain
MirageLink-rat-gui,29,278a3,Full Attack Chain,Full Attack Chain
MirageLink-rat-gui,30,cb51a,Full Attack Chain,Full Attack Chain
NetWorm,0,77e84,Benign,Benign
NetWorm,1,1ae15,Benign,Benign
NetWorm,2,51679,Benign,Benign
NetWorm,3,d0967,Core Attack Chain,Core Attack Chain
NetWorm,4,55399,Core Attack Chain,Core Attack Chain
NetWorm,5,3c5fc,Core Attack Chain,Core Attack Chain
NetWorm,6,66ac3,Core Attack Chain,Core Attack Chain
NetWorm,7,b89cf,Core Attack Chain,Core Attack Chain
NetWorm,8,77612,Core Attack Chain,Core Attack Chain
NetWorm,9,97172,Core Attack Chain,Core Attack Chain
NetWorm,10,02426,Core Attack Chain,Core Attack Chain
NetWorm,11,8a70e,Core Attack Chain,Core Attack Chain
NetWorm,12,f9063,Core Attack Chain,Core Attack Chain
NetWorm,13,10a7d,Core Attack Chain,Core Attack Chain
NetWorm,14,71d5a,Core Attack Chain,Core Attack Chain
NetWorm,15,c2499,Core Attack Chain,Core Attack Chain
NetWorm,16,c0920,Core Attack Chain,Core Attack Chain
NetWorm,17,e5f98,Core Attack Chain,Core Attack Chain
NetWorm,18,d583e,Core Attack Chain,Core Attack Chain
NetWorm,19,9439d,Core Attack Chain,Core Attack Chain
PY-RAT,0,9ffc2,Full Attack Chain,Full Attack Chain
PY-RAT,2,319e9,Full Attack Chain,Full Attack Chain
PY-RAT,3,566f4,Full Attack Chain,Full Attack Chain
PY-RAT,4,ec602,Full Attack Chain,Full Attack Chain
PY-RAT,5,2b5b2,Full Attack Chain,Full Attack Chain
PY-RAT,6,cf545,Full Attack Chain,Full Attack Chain
PY-RAT,7,82cfb,Full Attack Chain,Full Attack Chain
PY-RAT,8,ef25b,Full Attack Chain,Full Attack Chain
PY-RAT,9,95c8a,Full Attack Chain,Full Attack Chain
PizzaVirus,0,2077d,Benign,Benign
PizzaVirus,2,9d497,Benign,Benign
PizzaVirus,3,ddc50,Benign,Benign
PizzaVirus,4,68009,Full Attack Chain,Full Attack Chain
PizzaVirus,5,41984,Full Attack Chain,Full Attack Chain
PizzaVirus,6,9df46,Full Attack Chain,Full Attack Chain
PizzaVirus,7,3c4a2,Full Attack Chain,Full Attack Chain
PizzaVirus,8,36206,Full Attack Chain,Full Attack Chain
PizzaVirus,9,5a01a,Full Attack Chain,Full Attack Chain
Python-RAT,0,fc9a2,Full Attack Chain,Full Attack Chain
Python-RAT,1,8b6ec,Full Attack Chain,Full Attack Chain
Python-RAT,2,984ea,Full Attack Chain,Full Attack Chain
Python-RAT,3,89d84,Full Attack Chain,Full Attack Chain
Python-RAT,4,ef1a1,Full Attack Chain,Full Attack Chain
Python-RAT,5,1af1d,Full Attack Chain,Full Attack Chain
Python-RAT,6,c9dc7,Full Attack Chain,Full Attack Chain
Python-RAT,7,28d2c,Full Attack Chain,Full Attack Chain
Python-RAT,8,de5ad,Full Attack Chain,Full Attack Chain
Python-RAT,9,8a098,Full Attack Chain,Full Attack Chain
Python-RAT,10,70244,Full Attack Chain,Full Attack Chain
Python-RAT,11,6753e,Full Attack Chain,Full Attack Chain
Python-RAT,12,fd75a,Full Attack Chain,Full Attack Chain
Python-RAT,13,2e9e3,Full Attack Chain,Full Attack Chain
Python-RAT,14,0f259,Full Attack Chain,Full Attack Chain
Python-RAT,15,90b45,Full Attack Chain,Full Attack Chain
Python-RAT,16,a6753,Full Attack Chain,Full Attack Chain
Python-RAT,17,cd427,Full Attack Chain,Full Attack Chain
Python-RAT,18,36c31,Full Attack Chain,Full Attack Chain
Python-RAT,19,32a21,Full Attack Chain,Full Attack Chain
Python-RAT,20,72609,Full Attack Chain,Full Attack Chain
Python-RAT,21,ac63b,Full Attack Chain,Full Attack Chain
Python-RAT,22,43d35,Full Attack Chain,Full Attack Chain
Python-RAT,23,fd5ff,Full Attack Chain,Full Attack Chain
Python-RAT,24,8718d,Full Attack Chain,Full Attack Chain
Python-RAT,25,069e1,Full Attack Chain,Full Attack Chain
Python-RAT,26,be4c1,Full Attack Chain,Full Attack Chain
Python-RAT,27,aece9,Full Attack Chain,Full Attack Chain
Python-RAT,28,77726,Full Attack Chain,Full Attack Chain
Python-RAT,29,a6337,Full Attack Chain,Full Attack Chain
Python-RAT,30,2f3f7,Full Attack Chain,Full Attack Chain
Python-RAT,31,e1596,Full Attack Chain,Full Attack Chain
Python-RAT,32,60c5f,Full Attack Chain,Full Attack Chain
Python-RAT,33,b7d26,Full Attack Chain,Full Attack Chain
Python-RAT,34,dc08e,Full Attack Chain,Full Attack Chain
Python-RAT,35,be056,Full Attack Chain,Full Attack Chain
Python-RAT,36,41d0a,Full Attack Chain,Full Attack Chain
Python-RAT,37,0f254,Full Attack Chain,Full Attack Chain
Python-RAT,38,04773,Full Attack Chain,Full Attack Chain
Python-Rootkit,0,49706,Full Attack Chain,Full Attack Chain
Python-Rootkit,1,4a56f,Full Attack Chain,Full Attack Chain
Python-Rootkit,2,d1655,Full Attack Chain,Full Attack Chain
Python-Rootkit,3,49613,Full Attack Chain,Full Attack Chain
Python-Rootkit,4,0d4ec,Full Attack Chain,Full Attack Chain
Python-Rootkit,5,f9a5c,Full Attack Chain,Full Attack Chain
Python-Rootkit,6,83d74,Full Attack Chain,Full Attack Chain
Python-Rootkit,7,4f617,Full Attack Chain,Full Attack Chain
Python-Rootkit,8,06c25,Full Attack Chain,Full Attack Chain
Python-Rootkit,9,a93e9,Full Attack Chain,Full Attack Chain
Python-Rootkit,10,0c7c9,Full Attack Chain,Full Attack Chain
Python-Trojan,1,b2089,Undetermined,Undetermined
Python-Trojan,2,44b19,Undetermined,Undetermined
Python-Trojan,3,94f78,Undetermined,Undetermined
Python-Trojan,4,f101c,Undetermined,Undetermined
Python-Trojan,5,46687,Undetermined,Undetermined
Python-Trojan,6,f2c0d,Full Attack Chain,Full Attack Chain
Python-Trojan,7,66103,Full Attack Chain,Full Attack Chain
Python-Trojan,8,4707e,Full Attack Chain,Full Attack Chain
Python-Trojan,9,a3b3f,Full Attack Chain,Full Attack Chain
Python-Trojan,10,ef777,Full Attack Chain,Full Attack Chain
Python-Trojan,11,ebfa5,Full Attack Chain,Full Attack Chain
Python-Trojan,12,28e72,Full Attack Chain,Full Attack Chain
Python-Trojan,13,27671,Full Attack Chain,Full Attack Chain
Python-Trojan,14,ca2be,Full Attack Chain,Full Attack Chain
Python-Trojan,15,1f06f,Full Attack Chain,Full Attack Chain
Python-Trojan,16,d4d71,Full Attack Chain,Full Attack Chain
Python-Trojan,17,1878b,Full Attack Chain,Full Attack Chain
Python-Trojan,18,af297,Full Attack Chain,Full Attack Chain
Python-Trojan,19,114fa,Full Attack Chain,Full Attack Chain
Python-Trojan,20,84747,Full Attack Chain,Full Attack Chain
Python-Trojan,21,2e587,Full Attack Chain,Full Attack Chain
Python-Trojan,22,8cc51,Full Attack Chain,Full Attack Chain
Python-Trojan,23,c7f9f,Full Attack Chain,Full Attack Chain
Python-Trojan,24,e88fa,Full Attack Chain,Full Attack Chain
Python-Trojan,25,3de6c,Full Attack Chain,Full Attack Chain
Python-Trojan,26,bad07,Full Attack Chain,Full Attack Chain
Python-Trojan,27,c7a42,Full Attack Chain,Full Attack Chain
Python-Trojan,28,dbdf0,Full Attack Chain,Full Attack Chain
Python-Trojan,29,0c466,Full Attack Chain,Full Attack Chain
Python-Trojan,30,cae75,Full Attack Chain,Full Attack Chain
Python-Trojan,31,5e20f,Full Attack Chain,Full Attack Chain
Python-Trojan,32,a8447,Full Attack Chain,Full Attack Chain
Python-Trojan,33,d257a,Full Attack Chain,Full Attack Chain
Python-Trojan,34,ebc01,Full Attack Chain,Full Attack Chain
Python-Trojan,35,9ebad,Full Attack Chain,Full Attack Chain
Python-Trojan,36,c5c00,Full Attack Chain,Full Attack Chain
Python-Trojan,37,4ff7f,Full Attack Chain,Full Attack Chain
Python-Trojan,38,6ec89,Full Attack Chain,Full Attack Chain
Python-Trojan,39,b5094,Full Attack Chain,Full Attack Chain
Python-Trojan,40,cfc93,Full Attack Chain,Full Attack Chain
Python-Trojan,41,9f8d6,Full Attack Chain,Full Attack Chain
Python-Trojan,42,3dc3b,Full Attack Chain,Full Attack Chain
Python-malware-example,0,ea34d,Benign,Benign
Python-malware-example,2,1901b,Full Attack Chain,Full Attack Chain
Python-malware-example,3,9a575,Full Attack Chain,Full Attack Chain
Python-ransomware,0,b99a2,Benign,Benign
Python-ransomware,1,3cc49,Core Attack Chain,Core Attack Chain
Python-ransomware,2,51e7c,Core Attack Chain,Core Attack Chain
Python-ransomware,3,66f40,Core Attack Chain,Core Attack Chain
Python-ransomware,4,baf83,Core Attack Chain,Core Attack Chain
Python-ransomware,5,517ce,Core Attack Chain,Core Attack Chain
Python-ransomware,6,eb661,Core Attack Chain,Core Attack Chain
Python-ransomware,7,a9616,Core Attack Chain,Core Attack Chain
PythonMalware_1/PythonMalware,0,a30d9,Full Attack Chain,Full Attack Chain
PythonMalware_1/PythonMalware,1,3dd9f,Full Attack Chain,Full Attack Chain
PythonMalware_1/PythonMalware,2,4f24c,Full Attack Chain,Full Attack Chain
PythonMalware_1/PythonMalware,3,d37f7,Full Attack Chain,Full Attack Chain
PythonMalware_1/PythonMalware,4,1a793,Full Attack Chain,Full Attack Chain
PythonMalware_1/PythonMalware,5,19982,Full Attack Chain,Full Attack Chain
PythonMalware_1/PythonMalware,6,82162,Full Attack Chain,Full Attack Chain
PythonReverseShellBasic,0,a90f3,Undetermined,Undetermined
PythonReverseShellBasic,1,40d25,Undetermined,Undetermined
PythonReverseShellBasic,2,a3398,Undetermined,Undetermined
PythonReverseShellBasic,3,115b5,Core Attack Chain,Core Attack Chain
PythonReverseShellBasic,4,9c290,Core Attack Chain,Core Attack Chain
PythonReverseShellBasic,5,891e2,Full Attack Chain,Full Attack Chain
PythonReverseShellBasic,6,5fe8a,Full Attack Chain,Full Attack Chain
PythonVirusExamples,0,f266f,Core Attack Chain,Core Attack Chain
PythonVirusExamples,1,1f06e,Full Attack Chain,Full Attack Chain
PythonVirusExamples,2,7c4ab,Full Attack Chain,Full Attack Chain
ScaryMalware,0,b54b5,Benign,Benign
ScaryMalware,1,57d43,Full Attack Chain,Full Attack Chain
ScaryMalware,2,702da,Full Attack Chain,Full Attack Chain
ScaryMalware,3,d3e8c,Full Attack Chain,Full Attack Chain
ScaryMalware,4,e22de,Full Attack Chain,Full Attack Chain
ScaryMalware,5,c5ff7,Full Attack Chain,Full Attack Chain
ScaryMalware,6,2e6cf,Full Attack Chain,Full Attack Chain
ScaryMalware,7,2c725,Full Attack Chain,Full Attack Chain
ScaryMalware,8,3b2cc,Full Attack Chain,Full Attack Chain
ScaryMalware,9,06075,Full Attack Chain,Full Attack Chain
ScaryMalware,10,36f13,Full Attack Chain,Full Attack Chain
Spyware,0,2ee4e,Full Attack Chain,Core Attack Chain
Spyware,1,84840,Full Attack Chain,Core Attack Chain
Spyware,2,7952d,Full Attack Chain,Core Attack Chain
Spyware,3,53c4a,Full Attack Chain,Core Attack Chain
Spyware,4,289d2,Full Attack Chain,Core Attack Chain
Spyware,5,d5db4,Full Attack Chain,Core Attack Chain
Spyware,6,21e7f,Full Attack Chain,Core Attack Chain
Spyware,7,47253,Full Attack Chain,Core Attack Chain
Spyware,8,3bac0,Full Attack Chain,Core Attack Chain
Spyware,9,401eb,Full Attack Chain,Core Attack Chain
Spyware,10,132bd,Full Attack Chain,Core Attack Chain
Spyware,11,e9d43,Full Attack Chain,Core Attack Chain
Spyware,12,c1f3c,Full Attack Chain,Core Attack Chain
Spyware,13,ba54c,Full Attack Chain,Core Attack Chain
Spyware,14,63413,Full Attack Chain,Core Attack Chain
Spyware,15,4ff70,Full Attack Chain,Core Attack Chain
Spyware,16,1d8cd,Full Attack Chain,Core Attack Chain
Spyware,17,7c2d0,Full Attack Chain,Core Attack Chain
Spyware,18,34e7a,Full Attack Chain,Core Attack Chain
Spyware,19,ce1f8,Full Attack Chain,Core Attack Chain
Spyware,20,46db8,Full Attack Chain,Core Attack Chain
Spyware,21,30e5c,Full Attack Chain,Core Attack Chain
Spyware,22,3700c,Full Attack Chain,Core Attack Chain
Spyware,23,5f55f,Full Attack Chain,Core Attack Chain
Spyware,24,93974,Full Attack Chain,Core Attack Chain
Spyware,25,3b7d3,Full Attack Chain,Core Attack Chain
Spyware,26,e91fb,Full Attack Chain,Core Attack Chain
Spyware,27,2498b,Full Attack Chain,Core Attack Chain
Spyware,28,9edb2,Full Attack Chain,Core Attack Chain
Spyware,29,8e66b,Full Attack Chain,Core Attack Chain
Spyware,30,318c9,Full Attack Chain,Core Attack Chain
Spyware,31,e87c6,Full Attack Chain,Core Attack Chain
Spyware,32,e5c24,Full Attack Chain,Core Attack Chain
Spyware,33,99ba2,Full Attack Chain,Core Attack Chain
Spyware,34,5d92e,Full Attack Chain,Core Attack Chain
Spyware,35,a240a,Full Attack Chain,Core Attack Chain
Spyware,36,3075f,Full Attack Chain,Core Attack Chain
Spyware,37,bfadb,Full Attack Chain,Core Attack Chain
Spyware,38,d1598,Full Attack Chain,Core Attack Chain
Spyware,39,d6c88,Full Attack Chain,Core Attack Chain
Spyware,40,dcccc,Full Attack Chain,Core Attack Chain
Spyware,41,10f46,Full Attack Chain,Core Attack Chain
Spyware,42,1e7ec,Full Attack Chain,Core Attack Chain
Spyware,43,a444e,Full Attack Chain,Core Attack Chain
Spyware,44,9650a,Full Attack Chain,Core Attack Chain
Spyware,45,0b18d,Full Attack Chain,Core Attack Chain
Spyware,46,5c8bd,Full Attack Chain,Core Attack Chain
TheWeirdVirus,0,b118c,Core Attack Chain,Full Attack Chain
TheWeirdVirus,1,da27e,Core Attack Chain,Full Attack Chain
TheWeirdVirus,2,71a89,Core Attack Chain,Full Attack Chain
TheWeirdVirus,3,eae2b,Core Attack Chain,Full Attack Chain
TheWeirdVirus,4,f71c7,Core Attack Chain,Full Attack Chain
TheWeirdVirus,5,e57d7,Core Attack Chain,Full Attack Chain
TheWeirdVirus,6,60016,Core Attack Chain,Full Attack Chain
TheWeirdVirus,7,f4649,Core Attack Chain,Full Attack Chain
Virus-Python,0,4eb33,Benign,Benign
Virus-Python,1,2742b,Core Attack Chain,Core Attack Chain
Virus-Python,2,47c8f,Core Attack Chain,Full Attack Chain
Virus-Python,3,d52ac,Core Attack Chain,Full Attack Chain
Virus-Python,4,95d00,Undetermined,Undetermined
Virus-Python,5,2884d,Core Attack Chain,Core Attack Chain
Virus-Python,6,a27ae,Core Attack Chain,Core Attack Chain
WannaHappy,0,357a2,Undetermined,Undetermined
WannaHappy,1,8e166,Undetermined,Undetermined
WannaHappy,2,8e70e,Undetermined,Undetermined
WannaHappy,3,f5d88,Undetermined,Undetermined
WannaHappy,4,6504c,Undetermined,Undetermined
WannaHappy,5,ef915,Full Attack Chain,Full Attack Chain
Wormy,1,d8da1,Core Attack Chain,Core Attack Chain
Wormy,2,1f19d,Core Attack Chain,Core Attack Chain
Wormy,3,0379f,Core Attack Chain,Core Attack Chain
Wormy,4,0a648,Core Attack Chain,Core Attack Chain
backdoor,1,b94ad,Undetermined,Undetermined
backdoor,2,904d3,Full Attack Chain,Full Attack Chain
backdoor,3,3ce22,Full Attack Chain,Full Attack Chain
backdoor2,1,4982e,Undetermined,Undetermined
backdoor2,2,003bd,Core Attack Chain,Core Attack Chain
backdoor2,3,ce157,Core Attack Chain,Core Attack Chain
backdoor2,4,15433,Core Attack Chain,Core Attack Chain
backdoor2,5,8216c,Core Attack Chain,Core Attack Chain
backdoor2,6,faa7c,Core Attack Chain,Core Attack Chain
backdoor2,7,e1fd3,Full Attack Chain,Full Attack Chain
beep,0,244fc,Benign,Benign
beep,1,aac79,Full Attack Chain,Full Attack Chain
beep,2,01a62,Full Attack Chain,Full Attack Chain
beep,3,a6a72,Full Attack Chain,Full Attack Chain
beep,4,6ca31,Full Attack Chain,Full Attack Chain
beep,5,55be7,Full Attack Chain,Full Attack Chain
beep,6,53e58,Full Attack Chain,Full Attack Chain
beep,7,1ade8,Core Attack Chain,Core Attack Chain
beep,8,77881,Full Attack Chain,Full Attack Chain
beep,9,beae0,Full Attack Chain,Full Attack Chain
beep,10,9719c,Core Attack Chain,Core Attack Chain
beep,11,6a815,Core Attack Chain,Core Attack Chain
beep,12,41a8e,Full Attack Chain,Full Attack Chain
dojo6oct16,4,c6dce,Core Attack Chain,Core Attack Chain
dojo6oct16,6,ff97b,Core Attack Chain,Core Attack Chain
dojo6oct16,7,8916a,Full Attack Chain,Full Attack Chain
dojo6oct16,8,06600,Full Attack Chain,Full Attack Chain
dojo6oct16,9,1a34e,Full Attack Chain,Full Attack Chain
dojo6oct16,10,1f053,Full Attack Chain,Full Attack Chain
dojo6oct16,11,502e1,Full Attack Chain,Full Attack Chain
dojo6oct16,12,84ec1,Full Attack Chain,Full Attack Chain
dojo6oct16,13,c2083,Full Attack Chain,Full Attack Chain
dojo6oct16,14,0098c,Full Attack Chain,Full Attack Chain
dojo6oct16,15,36a16,Full Attack Chain,Full Attack Chain
dojo6oct16,16,df504,Full Attack Chain,Full Attack Chain
dojo6oct16,17,af251,Full Attack Chain,Full Attack Chain
funny-virus,0,5d0e8,Core Attack Chain,Core Attack Chain
funny-virus,1,410ec,Full Attack Chain,Full Attack Chain
funny-virus,2,2cbb3,Full Attack Chain,Full Attack Chain
funny-virus,3,d3bdf,Full Attack Chain,Full Attack Chain
funny-virus,4,5df84,Full Attack Chain,Full Attack Chain
funny-virus,5,e4e14,Full Attack Chain,Full Attack Chain
funny-virus,6,e2566,Full Attack Chain,Full Attack Chain
funny-virus,7,97ad1,Full Attack Chain,Full Attack Chain
funny-virus,8,0a71a,Full Attack Chain,Full Attack Chain
funny-virus,9,d48fd,Full Attack Chain,Full Attack Chain
funny-virus,10,90791,Full Attack Chain,Full Attack Chain
funny-virus,11,d8dd7,Full Attack Chain,Full Attack Chain
funny-virus,12,909c5,Full Attack Chain,Full Attack Chain
funny-virus,13,578e1,Full Attack Chain,Full Attack Chain
funny-virus,14,e69ef,Full Attack Chain,Full Attack Chain
funny-virus,15,11668,Full Attack Chain,Full Attack Chain
funny-virus,16,ad64d,Full Attack Chain,Full Attack Chain
funny-virus,17,5776f,Full Attack Chain,Full Attack Chain
funny-virus,18,3e3b2,Full Attack Chain,Full Attack Chain
iobdug_malware_py,0,6349e,Benign,Benign
iobdug_malware_py,1,8601a,Core Attack Chain,Core Attack Chain
iobdug_malware_py,2,5d3d8,Core Attack Chain,Core Attack Chain
iobdug_malware_py,3,8dcab,Full Attack Chain,Full Attack Chain
keylogger,3,df91a,Undetermined,Undetermined
keylogger,4,e79cc,Undetermined,Undetermined
keylogger,5,3291f,Full Attack Chain,Full Attack Chain
keylogger,6,10d8d,Full Attack Chain,Full Attack Chain
keylogger,7,64762,Full Attack Chain,Full Attack Chain
keylogger,8,fd003,Full Attack Chain,Full Attack Chain
keylogger,9,ee3ab,Full Attack Chain,Full Attack Chain
keylogger,10,97edf,Full Attack Chain,Full Attack Chain
keylogger,11,b168c,Full Attack Chain,Full Attack Chain
keylogger,12,9176b,Full Attack Chain,Full Attack Chain
keylogger,13,b59d9,Core Attack Chain,Core Attack Chain
keylogger,14,d5dad,Core Attack Chain,Core Attack Chain
keylogger,15,04c24,Core Attack Chain,Core Attack Chain
keylogger,16,b2aad,Full Attack Chain,Full Attack Chain
keylogger,17,43a00,Full Attack Chain,Full Attack Chain
keylogger,18,0bee1,Full Attack Chain,Full Attack Chain
keylogger,19,dd79c,Full Attack Chain,Full Attack Chain
keylogger,20,aa11f,Full Attack Chain,Full Attack Chain
keylogger,21,f7a90,Full Attack Chain,Full Attack Chain
keylogger,22,c4cb2,Full Attack Chain,Full Attack Chain
keylogger,23,ab29d,Full Attack Chain,Full Attack Chain
keylogger,24,fb60c,Full Attack Chain,Full Attack Chain
keylogger,25,1c092,Full Attack Chain,Full Attack Chain
keylogger,26,db70d,Full Attack Chain,Full Attack Chain
keylogger,27,2b0ae,Full Attack Chain,Full Attack Chain
keylogger,28,35982,Full Attack Chain,Full Attack Chain
keylogger,29,a1fa1,Full Attack Chain,Full Attack Chain
keylogger,30,da4e5,Full Attack Chain,Full Attack Chain
keylogger,31,5dfdd,Full Attack Chain,Full Attack Chain
keylogger,32,76743,Full Attack Chain,Full Attack Chain
keylogger,33,b0fba,Full Attack Chain,Full Attack Chain
keylogger,34,eb665,Full Attack Chain,Full Attack Chain
keylogger,35,26557,Full Attack Chain,Full Attack Chain
keylogger,36,826bf,Full Attack Chain,Full Attack Chain
keylogger,37,944c2,Full Attack Chain,Full Attack Chain
keylogger,38,a9570,Full Attack Chain,Full Attack Chain
keylogger,39,943eb,Full Attack Chain,Full Attack Chain
keylogger,40,c1c0f,Full Attack Chain,Full Attack Chain
keylogger,41,3a05f,Full Attack Chain,Full Attack Chain
keylogger,42,3e1bd,Full Attack Chain,Full Attack Chain
keylogger,43,26727,Full Attack Chain,Full Attack Chain
keylogger,44,8f0fd,Full Attack Chain,Full Attack Chain
keylogger,45,0ef3a,Full Attack Chain,Full Attack Chain
keylogger,46,1c0c8,Full Attack Chain,Full Attack Chain
keylogger1,0,84329,Undetermined,Undetermined
keylogger1,1,feaad,Full Attack Chain,Full Attack Chain
keylogger1,2,6342b,Full Attack Chain,Full Attack Chain
keylogger2,0,3bf0b,Core Attack Chain,Core Attack Chain
keylogger2,3,ef856,Core Attack Chain,Core Attack Chain
keylogger2,4,96e94,Core Attack Chain,Core Attack Chain
keylogger2,5,4a737,Full Attack Chain,Full Attack Chain
keylogger2,6,2bc69,Full Attack Chain,Full Attack Chain
keylogger3,0,3f948,Undetermined,Undetermined
keylogger3,1,2e39e,Core Attack Chain,Core Attack Chain
keylogger3,2,47879,Full Attack Chain,Full Attack Chain
keylogger4,3,33dc7,Core Attack Chain,Core Attack Chain
keylogger4,4,b071d,Full Attack Chain,Full Attack Chain
keylogger5,0,12c40,Core Attack Chain,Core Attack Chain
keylogger5,1,31e4c,Core Attack Chain,Core Attack Chain
keylogger5,2,227fb,Core Attack Chain,Core Attack Chain
keylogger5,3,e712e,Core Attack Chain,Core Attack Chain
keylogger5,4,75f79,Core Attack Chain,Core Attack Chain
megaloptera,0,9f2ed,Core Attack Chain,Core Attack Chain
megaloptera,1,6af8d,Core Attack Chain,Core Attack Chain
megaloptera,2,50c4a,Core Attack Chain,Core Attack Chain
megaloptera,3,88129,Core Attack Chain,Core Attack Chain
megaloptera,4,695c1,Full Attack Chain,Full Attack Chain
megaloptera,5,75922,Full Attack Chain,Full Attack Chain
megaloptera,6,b815c,Full Attack Chain,Full Attack Chain
megaloptera,7,d66ad,Full Attack Chain,Full Attack Chain
parvox,0,9467c,Benign,Benign
parvox,1,7e77e,Full Attack Chain,Full Attack Chain
parvox,2,7f76c,Full Attack Chain,Full Attack Chain
parvox,3,3bc2b,Full Attack Chain,Full Attack Chain
parvox,4,1cf7a,Full Attack Chain,Full Attack Chain
parvox,5,ae436,Full Attack Chain,Full Attack Chain
parvox,6,5aad2,Full Attack Chain,Full Attack Chain
parvox,7,ac111,Full Attack Chain,Full Attack Chain
parvox,8,bc1e1,Full Attack Chain,Full Attack Chain
parvox,9,e22d0,Full Attack Chain,Full Attack Chain
python-malware,0,08682,Core Attack Chain,Core Attack Chain
python-malware,1,bc042,Core Attack Chain,Core Attack Chain
python-malware,2,b6106,Core Attack Chain,Core Attack Chain
python-malware,3,ce6d0,Undetermined,Undetermined
python-malware,4,1b7a0,Core Attack Chain,Core Attack Chain
python-malware,5,28b65,Core Attack Chain,Core Attack Chain
python-malware,6,31a0c,Full Attack Chain,Full Attack Chain
python-malware,7,09b46,Full Attack Chain,Full Attack Chain
python-malware,8,22dee,Full Attack Chain,Full Attack Chain
python-malware,9,2c321,Full Attack Chain,Full Attack Chain
python-malware,10,a21dd,Full Attack Chain,Full Attack Chain
python-malware,11,e70e9,Full Attack Chain,Full Attack Chain
python-malware,12,7ac43,Full Attack Chain,Full Attack Chain
python-malware,13,ad12d,Full Attack Chain,Full Attack Chain
python-malware,14,0c40b,Full Attack Chain,Full Attack Chain
python-malware3/python-malware,0,d3a15,Core Attack Chain,Core Attack Chain
python-malware3/python-malware,1,15c73,Core Attack Chain,Core Attack Chain
python-malware3/python-malware,2,850c8,Core Attack Chain,Core Attack Chain
python-malware3/python-malware,3,8574a,Core Attack Chain,Core Attack Chain
python-malware3/python-malware,4,dd22c,Core Attack Chain,Core Attack Chain
python-malware3/python-malware,5,40fae,Core Attack Chain,Core Attack Chain
python-malware3/python-malware,6,10f0a,Full Attack Chain,Full Attack Chain
python-malware3/python-malware,7,64c74,Full Attack Chain,Full Attack Chain
python-malware3/python-malware,8,cf1b7,Full Attack Chain,Full Attack Chain
python-malware3/python-malware,9,77145,Full Attack Chain,Full Attack Chain
python-malware3/python-malware,10,ad449,Full Attack Chain,Full Attack Chain
ransomware,0,fde37,Full Attack Chain,Full Attack Chain
ransomware,1,164d2,Full Attack Chain,Full Attack Chain
ransomware,2,ae168,Full Attack Chain,Full Attack Chain
ransomware1,1,98861,Core Attack Chain,Core Attack Chain
ransomware1,2,954c7,Core Attack Chain,Core Attack Chain
ransomware1,3,4eda8,Core Attack Chain,Core Attack Chain
ransomware2,3,f4a30,Undetermined,Undetermined
ransomware2,4,96b1f,Core Attack Chain,Core Attack Chain
ransomware2,5,c91af,Core Attack Chain,Full Attack Chain
ransomware2,6,76b79,Full Attack Chain,Full Attack Chain
ransomware3,1,fba94,Undetermined,Undetermined
ransomware3,2,aa702,Core Attack Chain,Core Attack Chain
ransomware3,3,725f5,Full Attack Chain,Full Attack Chain
ransomware3,4,e29aa,Full Attack Chain,Full Attack Chain
ransomware3,5,7d82f,Full Attack Chain,Full Attack Chain
ransomware4,2,fea26,Undetermined,Undetermined
ransomware4,3,92b3a,Undetermined,Undetermined
ransomware4,4,034e6,Core Attack Chain,Core Attack Chain
ransomware4,5,f74df,Core Attack Chain,Core Attack Chain
ransomware4,6,e8210,Core Attack Chain,Core Attack Chain
ransomware4,7,6fa08,Full Attack Chain,Full Attack Chain
ransomware5,0,1f376,Undetermined,Undetermined
ransomware5,1,2e3d3,Core Attack Chain,Core Attack Chain
ransomware5,2,262f1,Core Attack Chain,Core Attack Chain
ransomware5,3,2e4e1,Full Attack Chain,Core Attack Chain
ransomware6,0,571ee,Undetermined,Undetermined
ransomware6,1,2c7b0,Core Attack Chain,Core Attack Chain
ransomware6,2,400a1,Full Attack Chain,Full Attack Chain
ransomware6,3,546b3,Full Attack Chain,Full Attack Chain
ransomware7,0,5312c,Core Attack Chain,Core Attack Chain
ransomware7,1,ab143,Core Attack Chain,Core Attack Chain
ransomware7,2,8770a,Core Attack Chain,Core Attack Chain
ransomware7,3,d6a53,Core Attack Chain,Core Attack Chain
ransomware_malware,0,9a265,Core Attack Chain,Core Attack Chain
ransomware_malware,1,edfec,Core Attack Chain,Core Attack Chain
ransomware_malware,2,24bd1,Core Attack Chain,Core Attack Chain
ransomware_malware,3,e7f34,Benign,Benign
ransomware_malware,4,19851,Core Attack Chain,Core Attack Chain
ransomware_malware,5,c9186,Core Attack Chain,Core Attack Chain
reverseShell2,1,683ad,Undetermined,Undetermined
reverseShell2,2,86f9e,Undetermined,Undetermined
reverseShell2,3,3d1ac,Full Attack Chain,Full Attack Chain
reverseShell3,0,dcf79,Undetermined,Undetermined
reverseShell3,1,1ccbb,Full Attack Chain,Full Attack Chain
reverseShell4,2,f3a04,Undetermined,Undetermined
reverseShell4,3,08561,Core Attack Chain,Core Attack Chain
reverseShell4,4,1c874,Core Attack Chain,Core Attack Chain
reverseShell5,1,4f80a,Undetermined,Undetermined
reverseShell5,2,c0b0e,Undetermined,Undetermined
reverseShell5,3,a63f7,Undetermined,Undetermined
reverseShell5,4,456e6,Undetermined,Undetermined
reverseShell5,5,210be,Core Attack Chain,Core Attack Chain
reverseShell5,6,c8f00,Core Attack Chain,Core Attack Chain
shameleon,0,3759a,Core Attack Chain,Core Attack Chain
shameleon,1,00828,Core Attack Chain,Core Attack Chain
shameleon,2,04c56,Core Attack Chain,Core Attack Chain
shameleon,3,01a49,Core Attack Chain,Core Attack Chain
shameleon,4,0aec7,Core Attack Chain,Core Attack Chain
shameleon,5,5ddd3,Core Attack Chain,Core Attack Chain
shameleon,6,464c1,Full Attack Chain,Full Attack Chain
shameleon,7,6486f,Full Attack Chain,Full Attack Chain
shameleon,8,0bb1e,Full Attack Chain,Full Attack Chain
shameleon,9,2e87b,Full Attack Chain,Full Attack Chain
shameleon,10,0a26f,Full Attack Chain,Full Attack Chain
simple-virus-python,1,a8fd6,Core Attack Chain,Core Attack Chain
simple-virus-python,2,e0242,Core Attack Chain,Core Attack Chain
simple-virus-python,3,e5966,Benign,Benign
simple-virus-python,4,cfe47,Core Attack Chain,Core Attack Chain
simple-virus-python,5,e005a,Benign,Benign
simple-virus-python,6,25f3d,Core Attack Chain,Core Attack Chain
simple-virus-python,7,96bdc,Core Attack Chain,Core Attack Chain
simple-virus-python,8,57022,Core Attack Chain,Core Attack Chain
simple-virus-python,9,7008e,Core Attack Chain,Core Attack Chain
simple-virus-python,10,3c1c7,Core Attack Chain,Core Attack Chain
simple-virus-python,11,bb9b9,Core Attack Chain,Core Attack Chain
simple-virus-python,12,43792,Core Attack Chain,Core Attack Chain
simple-virus-python,13,09236,Core Attack Chain,Core Attack Chain
simpleMalware1,1,f8ec2,Undetermined,Undetermined
simpleMalware1,2,d320b,Full Attack Chain,Full Attack Chain
simpleMalware1,3,cee65,Full Attack Chain,Full Attack Chain
telegram_stealer,0,43aad,Core Attack Chain,Core Attack Chain
telegram_stealer,1,18b08,Full Attack Chain,Full Attack Chain
virus,0,6b4dd,Benign,Benign
virus,1,b3c2e,Benign,Benign
virus,2,4c2c9,Full Attack Chain,Full Attack Chain
virus,3,a9fa3,Full Attack Chain,Full Attack Chain
virus,4,41627,Full Attack Chain,Full Attack Chain
virus,5,3926d,Full Attack Chain,Full Attack Chain
virus,6,336b5,Full Attack Chain,Full Attack Chain
virus-chan,0,6fa9a,Undetermined,Undetermined
virus-chan,1,42631,Undetermined,Undetermined
virus-chan,2,79176,Full Attack Chain,Full Attack Chain
virus-chan,3,dd198,Full Attack Chain,Full Attack Chain
virus-chan,4,8d638,Full Attack Chain,Full Attack Chain
virus-replicator,1,541e5,Undetermined,Undetermined
virus-replicator,2,31a52,Undetermined,Undetermined
virus-replicator,3,f9d3f,Undetermined,Undetermined
virus-replicator,4,18773,Undetermined,Undetermined
virus-replicator,5,acf95,Undetermined,Undetermined
virus-replicator,6,26c97,Core Attack Chain,Core Attack Chain
virus-replicator,7,01519,Core Attack Chain,Core Attack Chain
virus-replicator,8,4dbd7,Core Attack Chain,Core Attack Chain
virus-replicator,9,739a0,Core Attack Chain,Core Attack Chain
virus-replicator,10,38ecc,Full Attack Chain,Full Attack Chain
virus-replicator,11,668bb,Full Attack Chain,Full Attack Chain
virus.py,1,52fb1,Full Attack Chain,Full Attack Chain
virus.py,3,f97d4,Full Attack Chain,Full Attack Chain
virus.py,4,81900,Full Attack Chain,Full Attack Chain
virus.py,5,a2151,Full Attack Chain,Full Attack Chain
virus.py,6,1c8b3,Full Attack Chain,Full Attack Chain
virus.py,7,6c1a3,Full Attack Chain,Full Attack Chain
virus.py,8,44e31,Full Attack Chain,Full Attack Chain
virus.py,9,8843d,Full Attack Chain,Full Attack Chain
virus.py,10,967ec,Full Attack Chain,Full Attack Chain
virus.py,11,81ce9,Full Attack Chain,Full Attack Chain
virus1,0,0581b,Core Attack Chain,Core Attack Chain
virus1,1,981f2,Core Attack Chain,Core Attack Chain
virus1,2,9aa98,Core Attack Chain,Core Attack Chain
virus1,3,ad298,Full Attack Chain,Full Attack Chain
virus1,4,a166f,Full Attack Chain,Full Attack Chain
virus2,1,42c92,Core Attack Chain,Core Attack Chain
virus2,2,221a4,Full Attack Chain,Full Attack Chain
virus2,3,e4abd,Full Attack Chain,Full Attack Chain
virus2,4,3423c,Full Attack Chain,Full Attack Chain
winrar-SFX-0day-exploiter,1,7ee82,Benign,Benign
winrar-SFX-0day-exploiter,2,4fd3c,Full Attack Chain,Full Attack Chain
worm1,2,f264f,Core Attack Chain,Core Attack Chain
worm1,3,57344,Core Attack Chain,Core Attack Chain
worm1,4,a283e,Core Attack Chain,Core Attack Chain
worm1,5,3a40a,Core Attack Chain,Core Attack Chain
worm1,6,f9039,Core Attack Chain,Core Attack Chain
worm1,7,2d706,Core Attack Chain,Core Attack Chain
worm2,1,63bab,Core Attack Chain,Core Attack Chain
worm2,2,2947e,Core Attack Chain,Core Attack Chain
worm2,3,179a2,Core Attack Chain,Core Attack Chain
worm2,4,a6bb9,Core Attack Chain,Core Attack Chain
worm2,5,7a727,Core Attack Chain,Core Attack Chain
