repo_name,slice_id,first_commit_num,first_commit,first_state,first_full_commit_num,first_full_commit,starts_as_full,timeline_len,full_occurrence_count,full_commit_nums,full_commits,state_path,timeline
1stMalware,<module>@modules_network_smtp.py_slice.py,6,21b58,Full Attack Chain,6,21b58,1,1,1,6,21b58,Full Attack Chain,6(21b58):Full Attack Chain
1stMalware,<module>@modules_network_stmpgmail.py_slice.py,7,3a8ed,Full Attack Chain,7,3a8ed,1,1,1,7,3a8ed,Full Attack Chain,7(3a8ed):Full Attack Chain
Backdoorcreator,<module>@backdoorcreate.py_slice.py,0,04d0c,Full Attack Chain,0,04d0c,1,8,8,0;1;2;3;4;5;6;7,04d0c;22da0;677e6;697db;ad97a;c92d2;1ce4c;417b1,Full Attack Chain -> Full Attack Chain -> Full Attack Chain -> Full Attack Chain -> Full Attack Chain -> Full Attack Chain -> Full Attack Chain -> Full Attack Chain,0(04d0c):Full Attack Chain -> 1(22da0):Full Attack Chain -> 2(677e6):Full Attack Chain -> 3(697db):Full Attack Chain -> 4(ad97a):Full Attack Chain -> 5(c92d2):Full Attack Chain -> 6(1ce4c):Full Attack Chain -> 7(417b1):Full Attack Chain
BskyBot,<module>@controller.py_slice.py,7,7e97f,Full Attack Chain,7,7e97f,1,6,3,7;8;9,7e97f;e0939;d789a,Full Attack Chain -> Full Attack Chain -> Full Attack Chain -> Core Attack Chain -> Core Attack Chain -> Core Attack Chain,7(7e97f):Full Attack Chain -> 8(e0939):Full Attack Chain -> 9(d789a):Full Attack Chain -> 10(baced):Core Attack Chain -> 11(fbe51):Core Attack Chain -> 12(b40cc):Core Attack Chain
Cerberus,<module>@Cerberus.py_slice.py,0,ab1e0,Full Attack Chain,0,ab1e0,1,9,9,0;1;2;3;4;5;6;7;8,ab1e0;44601;cb198;7d2ad;e8f21;f03d4;261a4;1262b;f5ca7,Full Attack Chain -> Full Attack Chain -> Full Attack Chain -> Full Attack Chain -> Full Attack Chain -> Full Attack Chain -> Full Attack Chain -> Full Attack Chain -> Full Attack Chain,0(ab1e0):Full Attack Chain -> 1(44601):Full Attack Chain -> 2(cb198):Full Attack Chain -> 3(7d2ad):Full Attack Chain -> 4(e8f21):Full Attack Chain -> 5(f03d4):Full Attack Chain -> 6(261a4):Full Attack Chain -> 7(1262b):Full Attack Chain -> 8(f5ca7):Full Attack Chain
Chrome_pass_stealer,<module>@chromepass.py_slice.py,0,915e2,Core Attack Chain,4,d766e,0,12,8,4;5;6;7;8;9;11;12,d766e;444fc;915e2;73291;4ac98;56cdf;b6c64;5d3bc,Core Attack Chain -> Core Attack Chain -> Core Attack Chain -> Core Attack Chain -> Full Attack Chain -> Full Attack Chain -> Full Attack Chain -> Full Attack Chain -> Full Attack Chain -> Full Attack Chain -> Full Attack Chain -> Full Attack Chain,0(915e2):Core Attack Chain -> 1(915e2):Core Attack Chain -> 2(5c618):Core Attack Chain -> 3(915e2):Core Attack Chain -> 4(d766e):Full Attack Chain -> 5(444fc):Full Attack Chain -> 6(915e2):Full Attack Chain -> 7(73291):Full Attack Chain -> 8(4ac98):Full Attack Chain -> 9(56cdf):Full Attack Chain -> 11(b6c64):Full Attack Chain -> 12(5d3bc):Full Attack Chain
Doomed,<module>@DOOM_lock.py_slice.py,4,01c74,Core Attack Chain,7,920bf,0,5,2,7;8,920bf;06b31,Core Attack Chain -> Core Attack Chain -> Core Attack Chain -> Full Attack Chain -> Full Attack Chain,4(01c74):Core Attack Chain -> 5(2b87d):Core Attack Chain -> 6(a580d):Core Attack Chain -> 7(920bf):Full Attack Chain -> 8(06b31):Full Attack Chain
Doomed,<module>@lock.py_slice.py,0,d5b77,Full Attack Chain,0,d5b77,1,4,3,0;1;2,d5b77;1e3ca;d1557,Full Attack Chain -> Full Attack Chain -> Full Attack Chain -> Core Attack Chain,0(d5b77):Full Attack Chain -> 1(1e3ca):Full Attack Chain -> 2(d1557):Full Attack Chain -> 3(8e8c4):Core Attack Chain
EvilCrow,<module>@EvilCrow.py_slice.py,0,402ea,Full Attack Chain,0,402ea,1,3,3,0;1;2,402ea;2ec65;8c077,Full Attack Chain -> Full Attack Chain -> Full Attack Chain,0(402ea):Full Attack Chain -> 1(2ec65):Full Attack Chain -> 2(8c077):Full Attack Chain
HackerDoomsday,<module>@gui.py_slice.py,3,90d6a,Full Attack Chain,3,90d6a,1,21,20,3;4;5;6;7;8;9;10;11;12;13;14;15;16;18;19;20;21;22;23,90d6a;4dce8;96855;74617;55bbf;63891;587b0;b73db;cfc7a;22e8b;584b5;79e7c;2b860;de183;b4360;09785;9b8ec;88b3c;3b318;cc00d,Full Attack Chain -> Full Attack Chain -> Full Attack Chain -> Full Attack Chain -> Full Attack Chain -> Full Attack Chain -> Full Attack Chain -> Full Attack Chain -> Full Attack Chain -> Full Attack Chain -> Full Attack Chain -> Full Attack Chain -> Full Attack Chain -> Full Attack Chain -> Core Attack Chain -> Full Attack Chain -> Full Attack Chain -> Full Attack Chain -> Full Attack Chain -> Full Attack Chain -> Full Attack Chain,3(90d6a):Full Attack Chain -> 4(4dce8):Full Attack Chain -> 5(96855):Full Attack Chain -> 6(74617):Full Attack Chain -> 7(55bbf):Full Attack Chain -> 8(63891):Full Attack Chain -> 9(587b0):Full Attack Chain -> 10(b73db):Full Attack Chain -> 11(cfc7a):Full Attack Chain -> 12(22e8b):Full Attack Chain -> 13(584b5):Full Attack Chain -> 14(79e7c):Full Attack Chain -> 15(2b860):Full Attack Chain -> 16(de183):Full Attack Chain -> 17(2bf39):Core Attack Chain -> 18(b4360):Full Attack Chain -> 19(09785):Full Attack Chain -> 20(9b8ec):Full Attack Chain -> 21(88b3c):Full Attack Chain -> 22(3b318):Full Attack Chain -> 23(cc00d):Full Attack Chain
HackerDoomsday,<module>@main.py_slice.py,2,4533e,Full Attack Chain,2,4533e,1,22,22,2;3;4;5;6;7;8;9;10;11;12;13;14;15;16;17;18;19;20;21;22;23,4533e;90d6a;4dce8;96855;74617;55bbf;63891;587b0;b73db;cfc7a;22e8b;584b5;79e7c;2b860;de183;2bf39;b4360;09785;9b8ec;88b3c;3b318;cc00d,Full Attack Chain -> Full Attack Chain -> Full Attack Chain -> Full Attack Chain -> Full Attack Chain -> Full Attack Chain -> Full Attack Chain -> Full Attack Chain -> Full Attack Chain -> Full Attack Chain -> Full Attack Chain -> Full Attack Chain -> Full Attack Chain -> Full Attack Chain -> Full Attack Chain -> Full Attack Chain -> Full Attack Chain -> Full Attack Chain -> Full Attack Chain -> Full Attack Chain -> Full Attack Chain -> Full Attack Chain,2(4533e):Full Attack Chain -> 3(90d6a):Full Attack Chain -> 4(4dce8):Full Attack Chain -> 5(96855):Full Attack Chain -> 6(74617):Full Attack Chain -> 7(55bbf):Full Attack Chain -> 8(63891):Full Attack Chain -> 9(587b0):Full Attack Chain -> 10(b73db):Full Attack Chain -> 11(cfc7a):Full Attack Chain -> 12(22e8b):Full Attack Chain -> 13(584b5):Full Attack Chain -> 14(79e7c):Full Attack Chain -> 15(2b860):Full Attack Chain -> 16(de183):Full Attack Chain -> 17(2bf39):Full Attack Chain -> 18(b4360):Full Attack Chain -> 19(09785):Full Attack Chain -> 20(9b8ec):Full Attack Chain -> 21(88b3c):Full Attack Chain -> 22(3b318):Full Attack Chain -> 23(cc00d):Full Attack Chain
HackerDoomsday,<module>@multimedia.py_slice.py,3,90d6a,Full Attack Chain,3,90d6a,1,21,21,3;4;5;6;7;8;9;10;11;12;13;14;15;16;17;18;19;20;21;22;23,90d6a;4dce8;96855;74617;55bbf;63891;587b0;b73db;cfc7a;22e8b;584b5;79e7c;2b860;de183;2bf39;b4360;09785;9b8ec;88b3c;3b318;cc00d,Full Attack Chain -> Full Attack Chain -> Full Attack Chain -> Full Attack Chain -> Full Attack Chain -> Full Attack Chain -> Full Attack Chain -> Full Attack Chain -> Full Attack Chain -> Full Attack Chain -> Full Attack Chain -> Full Attack Chain -> Full Attack Chain -> Full Attack Chain -> Full Attack Chain -> Full Attack Chain -> Full Attack Chain -> Full Attack Chain -> Full Attack Chain -> Full Attack Chain -> Full Attack Chain,3(90d6a):Full Attack Chain -> 4(4dce8):Full Attack Chain -> 5(96855):Full Attack Chain -> 6(74617):Full Attack Chain -> 7(55bbf):Full Attack Chain -> 8(63891):Full Attack Chain -> 9(587b0):Full Attack Chain -> 10(b73db):Full Attack Chain -> 11(cfc7a):Full Attack Chain -> 12(22e8b):Full Attack Chain -> 13(584b5):Full Attack Chain -> 14(79e7c):Full Attack Chain -> 15(2b860):Full Attack Chain -> 16(de183):Full Attack Chain -> 17(2bf39):Full Attack Chain -> 18(b4360):Full Attack Chain -> 19(09785):Full Attack Chain -> 20(9b8ec):Full Attack Chain -> 21(88b3c):Full Attack Chain -> 22(3b318):Full Attack Chain -> 23(cc00d):Full Attack Chain
Infinite-Folder-Virus,<module>@attacker.py_slice.py,1,4a9ea,Full Attack Chain,1,4a9ea,1,19,19,1;2;3;4;5;6;7;8;9;10;11;12;13;14;15;16;17;18;19,4a9ea;65556;7ac4d;88f37;2118e;90d1d;a6604;4f6a1;f5eb8;eb4ab;983cf;a5995;903ad;8c8d1;f9ce1;1c08f;9f429;926e2;4e4db,Full Attack Chain -> Full Attack Chain -> Full Attack Chain -> Full Attack Chain -> Full Attack Chain -> Full Attack Chain -> Full Attack Chain -> Full Attack Chain -> Full Attack Chain -> Full Attack Chain -> Full Attack Chain -> Full Attack Chain -> Full Attack Chain -> Full Attack Chain -> Full Attack Chain -> Full Attack Chain -> Full Attack Chain -> Full Attack Chain -> Full Attack Chain,1(4a9ea):Full Attack Chain -> 2(65556):Full Attack Chain -> 3(7ac4d):Full Attack Chain -> 4(88f37):Full Attack Chain -> 5(2118e):Full Attack Chain -> 6(90d1d):Full Attack Chain -> 7(a6604):Full Attack Chain -> 8(4f6a1):Full Attack Chain -> 9(f5eb8):Full Attack Chain -> 10(eb4ab):Full Attack Chain -> 11(983cf):Full Attack Chain -> 12(a5995):Full Attack Chain -> 13(903ad):Full Attack Chain -> 14(8c8d1):Full Attack Chain -> 15(f9ce1):Full Attack Chain -> 16(1c08f):Full Attack Chain -> 17(9f429):Full Attack Chain -> 18(926e2):Full Attack Chain -> 19(4e4db):Full Attack Chain
Infinite-Folder-Virus,<module>@base.py_slice.py,4,88f37,Undetermined,8,4f6a1,0,16,10,8;9;11;12;13;14;15;16;17;18,4f6a1;f5eb8;983cf;a5995;903ad;8c8d1;f9ce1;1c08f;9f429;926e2,Undetermined -> Undetermined -> Undetermined -> Undetermined -> Full Attack Chain -> Full Attack Chain -> Core Attack Chain -> Full Attack Chain -> Full Attack Chain -> Full Attack Chain -> Full Attack Chain -> Full Attack Chain -> Full Attack Chain -> Full Attack Chain -> Full Attack Chain -> Core Attack Chain,4(88f37):Undetermined -> 5(2118e):Undetermined -> 6(90d1d):Undetermined -> 7(a6604):Undetermined -> 8(4f6a1):Full Attack Chain -> 9(f5eb8):Full Attack Chain -> 10(eb4ab):Core Attack Chain -> 11(983cf):Full Attack Chain -> 12(a5995):Full Attack Chain -> 13(903ad):Full Attack Chain -> 14(8c8d1):Full Attack Chain -> 15(f9ce1):Full Attack Chain -> 16(1c08f):Full Attack Chain -> 17(9f429):Full Attack Chain -> 18(926e2):Full Attack Chain -> 19(4e4db):Core Attack Chain
Keylogger,<module>@pylogger.py_slice.py,0,cb21f,Full Attack Chain,0,cb21f,1,4,4,0;1;2;3,cb21f;9cf98;3c8e6;12abc,Full Attack Chain -> Full Attack Chain -> Full Attack Chain -> Full Attack Chain,0(cb21f):Full Attack Chain -> 1(9cf98):Full Attack Chain -> 2(3c8e6):Full Attack Chain -> 3(12abc):Full Attack Chain
MakeMalware_EthicalHacking,<body>@Project_Keylogger_keylogger.py_slice.py,7,b044a,Full Attack Chain,7,b044a,1,11,11,7;8;9;10;11;12;13;14;15;16;17,b044a;e2fd5;31751;6b7e3;fa6ae;f0f7d;e3fe9;4bc0e;7ad1b;c418d;74015,Full Attack Chain -> Full Attack Chain -> Full Attack Chain -> Full Attack Chain -> Full Attack Chain -> Full Attack Chain -> Full Attack Chain -> Full Attack Chain -> Full Attack Chain -> Full Attack Chain -> Full Attack Chain,7(b044a):Full Attack Chain -> 8(e2fd5):Full Attack Chain -> 9(31751):Full Attack Chain -> 10(6b7e3):Full Attack Chain -> 11(fa6ae):Full Attack Chain -> 12(f0f7d):Full Attack Chain -> 13(e3fe9):Full Attack Chain -> 14(4bc0e):Full Attack Chain -> 15(7ad1b):Full Attack Chain -> 16(c418d):Full Attack Chain -> 17(74015):Full Attack Chain
MakeMalware_EthicalHacking,<module>@Project_Backdoor_executeCommandServer.py_slice.py,13,e3fe9,Full Attack Chain,13,e3fe9,1,5,5,13;14;15;16;17,e3fe9;4bc0e;7ad1b;c418d;74015,Full Attack Chain -> Full Attack Chain -> Full Attack Chain -> Full Attack Chain -> Full Attack Chain,13(e3fe9):Full Attack Chain -> 14(4bc0e):Full Attack Chain -> 15(7ad1b):Full Attack Chain -> 16(c418d):Full Attack Chain -> 17(74015):Full Attack Chain
MakeMalware_EthicalHacking,<module>@Project_Backdoor_executeCommandServerInteractiveUpload.py_slice.py,13,e3fe9,Full Attack Chain,13,e3fe9,1,5,5,13;14;15;16;17,e3fe9;4bc0e;7ad1b;c418d;74015,Full Attack Chain -> Full Attack Chain -> Full Attack Chain -> Full Attack Chain -> Full Attack Chain,13(e3fe9):Full Attack Chain -> 14(4bc0e):Full Attack Chain -> 15(7ad1b):Full Attack Chain -> 16(c418d):Full Attack Chain -> 17(74015):Full Attack Chain
MakeMalware_EthicalHacking,<module>@Project_Backdoor_executeCommandServerJson.py_slice.py,13,e3fe9,Full Attack Chain,13,e3fe9,1,5,5,13;14;15;16;17,e3fe9;4bc0e;7ad1b;c418d;74015,Full Attack Chain -> Full Attack Chain -> Full Attack Chain -> Full Attack Chain -> Full Attack Chain,13(e3fe9):Full Attack Chain -> 14(4bc0e):Full Attack Chain -> 15(7ad1b):Full Attack Chain -> 16(c418d):Full Attack Chain -> 17(74015):Full Attack Chain
MakeMalware_EthicalHacking,<module>@Project_Backdoor_executeCommandTarget.py_slice.py,14,4bc0e,Full Attack Chain,14,4bc0e,1,4,4,14;15;16;17,4bc0e;7ad1b;c418d;74015,Full Attack Chain -> Full Attack Chain -> Full Attack Chain -> Full Attack Chain,14(4bc0e):Full Attack Chain -> 15(7ad1b):Full Attack Chain -> 16(c418d):Full Attack Chain -> 17(74015):Full Attack Chain
MakeMalware_EthicalHacking,<module>@Project_Backdoor_executeCommandTargetInteractive.py_slice.py,15,7ad1b,Full Attack Chain,15,7ad1b,1,3,3,15;16;17,7ad1b;c418d;74015,Full Attack Chain -> Full Attack Chain -> Full Attack Chain,15(7ad1b):Full Attack Chain -> 16(c418d):Full Attack Chain -> 17(74015):Full Attack Chain
MakeMalware_EthicalHacking,<module>@Project_Backdoor_executeCommandTargetInteractiveUpload.py_slice.py,16,c418d,Full Attack Chain,16,c418d,1,2,2,16;17,c418d;74015,Full Attack Chain -> Full Attack Chain,16(c418d):Full Attack Chain -> 17(74015):Full Attack Chain
MakeMalware_EthicalHacking,<module>@Project_Backdoor_executeCommandTargetJson.py_slice.py,17,74015,Full Attack Chain,17,74015,1,1,1,17,74015,Full Attack Chain,17(74015):Full Attack Chain
MakeMalware_EthicalHacking,<module>@Project_Backdoor_executeCommandUsingConnection.py_slice.py,8,e2fd5,Full Attack Chain,8,e2fd5,1,10,10,8;9;10;11;12;13;14;15;16;17,e2fd5;31751;6b7e3;fa6ae;f0f7d;e3fe9;4bc0e;7ad1b;c418d;74015,Full Attack Chain -> Full Attack Chain -> Full Attack Chain -> Full Attack Chain -> Full Attack Chain -> Full Attack Chain -> Full Attack Chain -> Full Attack Chain -> Full Attack Chain -> Full Attack Chain,8(e2fd5):Full Attack Chain -> 9(31751):Full Attack Chain -> 10(6b7e3):Full Attack Chain -> 11(fa6ae):Full Attack Chain -> 12(f0f7d):Full Attack Chain -> 13(e3fe9):Full Attack Chain -> 14(4bc0e):Full Attack Chain -> 15(7ad1b):Full Attack Chain -> 16(c418d):Full Attack Chain -> 17(74015):Full Attack Chain
MakeMalware_EthicalHacking,<module>@demo2_getReportByEmail.py_slice.py,0,3db3c,Full Attack Chain,0,3db3c,1,18,18,0;1;2;3;4;5;6;7;8;9;10;11;12;13;14;15;16;17,3db3c;a587c;ce388;2cfa9;06deb;f2561;40c64;b044a;e2fd5;31751;6b7e3;fa6ae;f0f7d;e3fe9;4bc0e;7ad1b;c418d;74015,Full Attack Chain -> Full Attack Chain -> Full Attack Chain -> Full Attack Chain -> Full Attack Chain -> Full Attack Chain -> Full Attack Chain -> Full Attack Chain -> Full Attack Chain -> Full Attack Chain -> Full Attack Chain -> Full Attack Chain -> Full Attack Chain -> Full Attack Chain -> Full Attack Chain -> Full Attack Chain -> Full Attack Chain -> Full Attack Chain,0(3db3c):Full Attack Chain -> 1(a587c):Full Attack Chain -> 2(ce388):Full Attack Chain -> 3(2cfa9):Full Attack Chain -> 4(06deb):Full Attack Chain -> 5(f2561):Full Attack Chain -> 6(40c64):Full Attack Chain -> 7(b044a):Full Attack Chain -> 8(e2fd5):Full Attack Chain -> 9(31751):Full Attack Chain -> 10(6b7e3):Full Attack Chain -> 11(fa6ae):Full Attack Chain -> 12(f0f7d):Full Attack Chain -> 13(e3fe9):Full Attack Chain -> 14(4bc0e):Full Attack Chain -> 15(7ad1b):Full Attack Chain -> 16(c418d):Full Attack Chain -> 17(74015):Full Attack Chain
MakeMalware_EthicalHacking,<module>@demo3_stealWLAN.py_slice.py,2,ce388,Full Attack Chain,2,ce388,1,16,16,2;3;4;5;6;7;8;9;10;11;12;13;14;15;16;17,ce388;2cfa9;06deb;f2561;40c64;b044a;e2fd5;31751;6b7e3;fa6ae;f0f7d;e3fe9;4bc0e;7ad1b;c418d;74015,Full Attack Chain -> Full Attack Chain -> Full Attack Chain -> Full Attack Chain -> Full Attack Chain -> Full Attack Chain -> Full Attack Chain -> Full Attack Chain -> Full Attack Chain -> Full Attack Chain -> Full Attack Chain -> Full Attack Chain -> Full Attack Chain -> Full Attack Chain -> Full Attack Chain -> Full Attack Chain,2(ce388):Full Attack Chain -> 3(2cfa9):Full Attack Chain -> 4(06deb):Full Attack Chain -> 5(f2561):Full Attack Chain -> 6(40c64):Full Attack Chain -> 7(b044a):Full Attack Chain -> 8(e2fd5):Full Attack Chain -> 9(31751):Full Attack Chain -> 10(6b7e3):Full Attack Chain -> 11(fa6ae):Full Attack Chain -> 12(f0f7d):Full Attack Chain -> 13(e3fe9):Full Attack Chain -> 14(4bc0e):Full Attack Chain -> 15(7ad1b):Full Attack Chain -> 16(c418d):Full Attack Chain -> 17(74015):Full Attack Chain
MakeMalware_EthicalHacking,<module>@demo6_DownloadExecuteReport.py_slice.py,5,f2561,Core Attack Chain,8,e2fd5,0,13,10,8;9;10;11;12;13;14;15;16;17,e2fd5;31751;6b7e3;fa6ae;f0f7d;e3fe9;4bc0e;7ad1b;c418d;74015,Core Attack Chain -> Core Attack Chain -> Core Attack Chain -> Full Attack Chain -> Full Attack Chain -> Full Attack Chain -> Full Attack Chain -> Full Attack Chain -> Full Attack Chain -> Full Attack Chain -> Full Attack Chain -> Full Attack Chain -> Full Attack Chain,5(f2561):Core Attack Chain -> 6(40c64):Core Attack Chain -> 7(b044a):Core Attack Chain -> 8(e2fd5):Full Attack Chain -> 9(31751):Full Attack Chain -> 10(6b7e3):Full Attack Chain -> 11(fa6ae):Full Attack Chain -> 12(f0f7d):Full Attack Chain -> 13(e3fe9):Full Attack Chain -> 14(4bc0e):Full Attack Chain -> 15(7ad1b):Full Attack Chain -> 16(c418d):Full Attack Chain -> 17(74015):Full Attack Chain
MakeMalware_EthicalHacking,<module>@demo7_DownloadExecuteReportDelete.py_slice.py,6,40c64,Core Attack Chain,7,b044a,0,12,11,7;8;9;10;11;12;13;14;15;16;17,b044a;e2fd5;31751;6b7e3;fa6ae;f0f7d;e3fe9;4bc0e;7ad1b;c418d;74015,Core Attack Chain -> Full Attack Chain -> Full Attack Chain -> Full Attack Chain -> Full Attack Chain -> Full Attack Chain -> Full Attack Chain -> Full Attack Chain -> Full Attack Chain -> Full Attack Chain -> Full Attack Chain -> Full Attack Chain,6(40c64):Core Attack Chain -> 7(b044a):Full Attack Chain -> 8(e2fd5):Full Attack Chain -> 9(31751):Full Attack Chain -> 10(6b7e3):Full Attack Chain -> 11(fa6ae):Full Attack Chain -> 12(f0f7d):Full Attack Chain -> 13(e3fe9):Full Attack Chain -> 14(4bc0e):Full Attack Chain -> 15(7ad1b):Full Attack Chain -> 16(c418d):Full Attack Chain -> 17(74015):Full Attack Chain
Malware,<module>@main.py_slice.py,6,c92fb,Full Attack Chain,6,c92fb,1,7,7,6;7;8;9;10;11;12,c92fb;6299c;ee86b;ebdb7;123bd;f560c;3d6cb,Full Attack Chain -> Full Attack Chain -> Full Attack Chain -> Full Attack Chain -> Full Attack Chain -> Full Attack Chain -> Full Attack Chain,6(c92fb):Full Attack Chain -> 7(6299c):Full Attack Chain -> 8(ee86b):Full Attack Chain -> 9(ebdb7):Full Attack Chain -> 10(123bd):Full Attack Chain -> 11(f560c):Full Attack Chain -> 12(3d6cb):Full Attack Chain
Malware_Python,<module>@main.py_slice.py,0,f5fae,Full Attack Chain,0,f5fae,1,25,21,0;1;2;3;7;8;9;10;11;12;13;14;15;16;17;18;19;21;22;23;24,f5fae;f8655;05254;ea11b;35e28;be041;12941;b6a9f;7ed0b;2011b;ee1d1;2727c;9fab0;18e97;3c1b0;a676c;3154b;b6482;c2454;d1233;d9c91,Full Attack Chain -> Full Attack Chain -> Full Attack Chain -> Full Attack Chain -> Core Attack Chain -> Core Attack Chain -> Core Attack Chain -> Full Attack Chain -> Full Attack Chain -> Full Attack Chain -> Full Attack Chain -> Full Attack Chain -> Full Attack Chain -> Full Attack Chain -> Full Attack Chain -> Full Attack Chain -> Full Attack Chain -> Full Attack Chain -> Full Attack Chain -> Full Attack Chain -> Core Attack Chain -> Full Attack Chain -> Full Attack Chain -> Full Attack Chain -> Full Attack Chain,0(f5fae):Full Attack Chain -> 1(f8655):Full Attack Chain -> 2(05254):Full Attack Chain -> 3(ea11b):Full Attack Chain -> 4(c1a2d):Core Attack Chain -> 5(77298):Core Attack Chain -> 6(0e5a2):Core Attack Chain -> 7(35e28):Full Attack Chain -> 8(be041):Full Attack Chain -> 9(12941):Full Attack Chain -> 10(b6a9f):Full Attack Chain -> 11(7ed0b):Full Attack Chain -> 12(2011b):Full Attack Chain -> 13(ee1d1):Full Attack Chain -> 14(2727c):Full Attack Chain -> 15(9fab0):Full Attack Chain -> 16(18e97):Full Attack Chain -> 17(3c1b0):Full Attack Chain -> 18(a676c):Full Attack Chain -> 19(3154b):Full Attack Chain -> 20(a778f):Core Attack Chain -> 21(b6482):Full Attack Chain -> 22(c2454):Full Attack Chain -> 23(d1233):Full Attack Chain -> 24(d9c91):Full Attack Chain
MirageLink-rat-gui,<body>@builder_clients_data_client_client.py_slice.py,30,cb51a,Full Attack Chain,30,cb51a,1,1,1,30,cb51a,Full Attack Chain,30(cb51a):Full Attack Chain
MirageLink-rat-gui,<body>@frames_function.py_slice.py,13,0c0f3,Core Attack Chain,29,278a3,0,15,1,29,278a3,Core Attack Chain -> Core Attack Chain -> Core Attack Chain -> Core Attack Chain -> Core Attack Chain -> Core Attack Chain -> Core Attack Chain -> Core Attack Chain -> Core Attack Chain -> Core Attack Chain -> Core Attack Chain -> Core Attack Chain -> Core Attack Chain -> Full Attack Chain -> Core Attack Chain,13(0c0f3):Core Attack Chain -> 14(38efe):Core Attack Chain -> 15(7d0ce):Core Attack Chain -> 19(cf4ae):Core Attack Chain -> 20(16f9f):Core Attack Chain -> 21(7a380):Core Attack Chain -> 22(ba9e2):Core Attack Chain -> 23(b2e6a):Core Attack Chain -> 24(b1fa2):Core Attack Chain -> 25(13334):Core Attack Chain -> 26(7761a):Core Attack Chain -> 27(d179f):Core Attack Chain -> 28(17166):Core Attack Chain -> 29(278a3):Full Attack Chain -> 30(cb51a):Core Attack Chain
MirageLink-rat-gui,<body>@server_gui.py_slice.py,13,0c0f3,Core Attack Chain,29,278a3,0,17,1,29,278a3,Core Attack Chain -> Core Attack Chain -> Core Attack Chain -> Core Attack Chain -> Core Attack Chain -> Core Attack Chain -> Core Attack Chain -> Core Attack Chain -> Core Attack Chain -> Core Attack Chain -> Core Attack Chain -> Core Attack Chain -> Core Attack Chain -> Core Attack Chain -> Core Attack Chain -> Full Attack Chain -> Core Attack Chain,13(0c0f3):Core Attack Chain -> 14(38efe):Core Attack Chain -> 15(7d0ce):Core Attack Chain -> 16(b03b0):Core Attack Chain -> 18(1ec14):Core Attack Chain -> 19(cf4ae):Core Attack Chain -> 20(16f9f):Core Attack Chain -> 21(7a380):Core Attack Chain -> 22(ba9e2):Core Attack Chain -> 23(b2e6a):Core Attack Chain -> 24(b1fa2):Core Attack Chain -> 25(13334):Core Attack Chain -> 26(7761a):Core Attack Chain -> 27(d179f):Core Attack Chain -> 28(17166):Core Attack Chain -> 29(278a3):Full Attack Chain -> 30(cb51a):Core Attack Chain
MirageLink-rat-gui,<module>@builder_clients_data_client_client.py_slice.py,30,cb51a,Full Attack Chain,30,cb51a,1,1,1,30,cb51a,Full Attack Chain,30(cb51a):Full Attack Chain
MirageLink-rat-gui,<module>@client_fold_client.py_slice.py,0,719c8,Full Attack Chain,0,719c8,1,12,12,0;1;2;3;4;5;6;7;8;9;10;11,719c8;6d2af;a4a85;b3c15;b79f1;2c888;eee30;445a2;1eab6;c0342;3f1a6;e0592,Full Attack Chain -> Full Attack Chain -> Full Attack Chain -> Full Attack Chain -> Full Attack Chain -> Full Attack Chain -> Full Attack Chain -> Full Attack Chain -> Full Attack Chain -> Full Attack Chain -> Full Attack Chain -> Full Attack Chain,0(719c8):Full Attack Chain -> 1(6d2af):Full Attack Chain -> 2(a4a85):Full Attack Chain -> 3(b3c15):Full Attack Chain -> 4(b79f1):Full Attack Chain -> 5(2c888):Full Attack Chain -> 6(eee30):Full Attack Chain -> 7(445a2):Full Attack Chain -> 8(1eab6):Full Attack Chain -> 9(c0342):Full Attack Chain -> 10(3f1a6):Full Attack Chain -> 11(e0592):Full Attack Chain
PY-RAT,<module>@PY-RAT_PY_RAT.py_slice.py,2,319e9,Full Attack Chain,2,319e9,1,8,8,2;3;4;5;6;7;8;9,319e9;566f4;ec602;2b5b2;cf545;82cfb;ef25b;95c8a,Full Attack Chain -> Full Attack Chain -> Full Attack Chain -> Full Attack Chain -> Full Attack Chain -> Full Attack Chain -> Full Attack Chain -> Full Attack Chain,2(319e9):Full Attack Chain -> 3(566f4):Full Attack Chain -> 4(ec602):Full Attack Chain -> 5(2b5b2):Full Attack Chain -> 6(cf545):Full Attack Chain -> 7(82cfb):Full Attack Chain -> 8(ef25b):Full Attack Chain -> 9(95c8a):Full Attack Chain
PY-RAT,<module>@PY_RAT.py_slice.py,0,9ffc2,Full Attack Chain,0,9ffc2,1,1,1,0,9ffc2,Full Attack Chain,0(9ffc2):Full Attack Chain
PY-RAT,<module>@SCRIPTS_keyLogger.py_slice.py,9,95c8a,Full Attack Chain,9,95c8a,1,1,1,9,95c8a,Full Attack Chain,9(95c8a):Full Attack Chain
PY-RAT,<module>@SCRIPTS_moveToStartup.py_slice.py,8,ef25b,Full Attack Chain,8,ef25b,1,1,1,8,ef25b,Full Attack Chain,8(ef25b):Full Attack Chain
PizzaVirus,<module>@pizza.py_slice.py,0,2077d,Benign,4,68009,0,9,6,4;5;6;7;8;9,68009;41984;9df46;3c4a2;36206;5a01a,Benign -> Benign -> Benign -> Full Attack Chain -> Full Attack Chain -> Full Attack Chain -> Full Attack Chain -> Full Attack Chain -> Full Attack Chain,0(2077d):Benign -> 2(9d497):Benign -> 3(ddc50):Benign -> 4(68009):Full Attack Chain -> 5(41984):Full Attack Chain -> 6(9df46):Full Attack Chain -> 7(3c4a2):Full Attack Chain -> 8(36206):Full Attack Chain -> 9(5a01a):Full Attack Chain
Python-RAT,<module>@Listen.py_slice.py,0,fc9a2,Full Attack Chain,0,fc9a2,1,39,39,0;1;2;3;4;5;6;7;8;9;10;11;12;13;14;15;16;17;18;19;20;21;22;23;24;25;26;27;28;29;30;31;32;33;34;35;36;37;38,fc9a2;8b6ec;984ea;89d84;ef1a1;1af1d;c9dc7;28d2c;de5ad;8a098;70244;6753e;fd75a;2e9e3;0f259;90b45;a6753;cd427;36c31;32a21;72609;ac63b;43d35;fd5ff;8718d;069e1;be4c1;aece9;77726;a6337;2f3f7;e1596;60c5f;b7d26;dc08e;be056;41d0a;0f254;04773,Full Attack Chain -> Full Attack Chain -> Full Attack Chain -> Full Attack Chain -> Full Attack Chain -> Full Attack Chain -> Full Attack Chain -> Full Attack Chain -> Full Attack Chain -> Full Attack Chain -> Full Attack Chain -> Full Attack Chain -> Full Attack Chain -> Full Attack Chain -> Full Attack Chain -> Full Attack Chain -> Full Attack Chain -> Full Attack Chain -> Full Attack Chain -> Full Attack Chain -> Full Attack Chain -> Full Attack Chain -> Full Attack Chain -> Full Attack Chain -> Full Attack Chain -> Full Attack Chain -> Full Attack Chain -> Full Attack Chain -> Full Attack Chain -> Full Attack Chain -> Full Attack Chain -> Full Attack Chain -> Full Attack Chain -> Full Attack Chain -> Full Attack Chain -> Full Attack Chain -> Full Attack Chain -> Full Attack Chain -> Full Attack Chain,0(fc9a2):Full Attack Chain -> 1(8b6ec):Full Attack Chain -> 2(984ea):Full Attack Chain -> 3(89d84):Full Attack Chain -> 4(ef1a1):Full Attack Chain -> 5(1af1d):Full Attack Chain -> 6(c9dc7):Full Attack Chain -> 7(28d2c):Full Attack Chain -> 8(de5ad):Full Attack Chain -> 9(8a098):Full Attack Chain -> 10(70244):Full Attack Chain -> 11(6753e):Full Attack Chain -> 12(fd75a):Full Attack Chain -> 13(2e9e3):Full Attack Chain -> 14(0f259):Full Attack Chain -> 15(90b45):Full Attack Chain -> 16(a6753):Full Attack Chain -> 17(cd427):Full Attack Chain -> 18(36c31):Full Attack Chain -> 19(32a21):Full Attack Chain -> 20(72609):Full Attack Chain -> 21(ac63b):Full Attack Chain -> 22(43d35):Full Attack Chain -> 23(fd5ff):Full Attack Chain -> 24(8718d):Full Attack Chain -> 25(069e1):Full Attack Chain -> 26(be4c1):Full Attack Chain -> 27(aece9):Full Attack Chain -> 28(77726):Full Attack Chain -> 29(a6337):Full Attack Chain -> 30(2f3f7):Full Attack Chain -> 31(e1596):Full Attack Chain -> 32(60c5f):Full Attack Chain -> 33(b7d26):Full Attack Chain -> 34(dc08e):Full Attack Chain -> 35(be056):Full Attack Chain -> 36(41d0a):Full Attack Chain -> 37(0f254):Full Attack Chain -> 38(04773):Full Attack Chain
Python-RAT,<module>@client.py_slice.py,0,fc9a2,Full Attack Chain,0,fc9a2,1,39,39,0;1;2;3;4;5;6;7;8;9;10;11;12;13;14;15;16;17;18;19;20;21;22;23;24;25;26;27;28;29;30;31;32;33;34;35;36;37;38,fc9a2;8b6ec;984ea;89d84;ef1a1;1af1d;c9dc7;28d2c;de5ad;8a098;70244;6753e;fd75a;2e9e3;0f259;90b45;a6753;cd427;36c31;32a21;72609;ac63b;43d35;fd5ff;8718d;069e1;be4c1;aece9;77726;a6337;2f3f7;e1596;60c5f;b7d26;dc08e;be056;41d0a;0f254;04773,Full Attack Chain -> Full Attack Chain -> Full Attack Chain -> Full Attack Chain -> Full Attack Chain -> Full Attack Chain -> Full Attack Chain -> Full Attack Chain -> Full Attack Chain -> Full Attack Chain -> Full Attack Chain -> Full Attack Chain -> Full Attack Chain -> Full Attack Chain -> Full Attack Chain -> Full Attack Chain -> Full Attack Chain -> Full Attack Chain -> Full Attack Chain -> Full Attack Chain -> Full Attack Chain -> Full Attack Chain -> Full Attack Chain -> Full Attack Chain -> Full Attack Chain -> Full Attack Chain -> Full Attack Chain -> Full Attack Chain -> Full Attack Chain -> Full Attack Chain -> Full Attack Chain -> Full Attack Chain -> Full Attack Chain -> Full Attack Chain -> Full Attack Chain -> Full Attack Chain -> Full Attack Chain -> Full Attack Chain -> Full Attack Chain,0(fc9a2):Full Attack Chain -> 1(8b6ec):Full Attack Chain -> 2(984ea):Full Attack Chain -> 3(89d84):Full Attack Chain -> 4(ef1a1):Full Attack Chain -> 5(1af1d):Full Attack Chain -> 6(c9dc7):Full Attack Chain -> 7(28d2c):Full Attack Chain -> 8(de5ad):Full Attack Chain -> 9(8a098):Full Attack Chain -> 10(70244):Full Attack Chain -> 11(6753e):Full Attack Chain -> 12(fd75a):Full Attack Chain -> 13(2e9e3):Full Attack Chain -> 14(0f259):Full Attack Chain -> 15(90b45):Full Attack Chain -> 16(a6753):Full Attack Chain -> 17(cd427):Full Attack Chain -> 18(36c31):Full Attack Chain -> 19(32a21):Full Attack Chain -> 20(72609):Full Attack Chain -> 21(ac63b):Full Attack Chain -> 22(43d35):Full Attack Chain -> 23(fd5ff):Full Attack Chain -> 24(8718d):Full Attack Chain -> 25(069e1):Full Attack Chain -> 26(be4c1):Full Attack Chain -> 27(aece9):Full Attack Chain -> 28(77726):Full Attack Chain -> 29(a6337):Full Attack Chain -> 30(2f3f7):Full Attack Chain -> 31(e1596):Full Attack Chain -> 32(60c5f):Full Attack Chain -> 33(b7d26):Full Attack Chain -> 34(dc08e):Full Attack Chain -> 35(be056):Full Attack Chain -> 36(41d0a):Full Attack Chain -> 37(0f254):Full Attack Chain -> 38(04773):Full Attack Chain
Python-Rootkit,<module>@h00k_source.py_slice.py,8,06c25,Full Attack Chain,8,06c25,1,3,3,8;9;10,06c25;a93e9;0c7c9,Full Attack Chain -> Full Attack Chain -> Full Attack Chain,8(06c25):Full Attack Chain -> 9(a93e9):Full Attack Chain -> 10(0c7c9):Full Attack Chain
Python-Rootkit,<module>@source_h00k_source.py_slice.py,7,4f617,Full Attack Chain,7,4f617,1,1,1,7,4f617,Full Attack Chain,7(4f617):Full Attack Chain
Python-Rootkit,<module>@source_r0d_source.py_slice.py,6,83d74,Full Attack Chain,6,83d74,1,1,1,6,83d74,Full Attack Chain,6(83d74):Full Attack Chain
Python-Rootkit,<module>@source_source.py_slice.py,0,49706,Full Attack Chain,0,49706,1,6,6,0;1;2;3;4;5,49706;4a56f;d1655;49613;0d4ec;f9a5c,Full Attack Chain -> Full Attack Chain -> Full Attack Chain -> Full Attack Chain -> Full Attack Chain -> Full Attack Chain,0(49706):Full Attack Chain -> 1(4a56f):Full Attack Chain -> 2(d1655):Full Attack Chain -> 3(49613):Full Attack Chain -> 4(0d4ec):Full Attack Chain -> 5(f9a5c):Full Attack Chain
Python-Rootkit,<module>@source_viRu5_source.py_slice.py,6,83d74,Full Attack Chain,6,83d74,1,2,2,6;7,83d74;4f617,Full Attack Chain -> Full Attack Chain,6(83d74):Full Attack Chain -> 7(4f617):Full Attack Chain
Python-Rootkit,<module>@viRu5_source.py_slice.py,8,06c25,Full Attack Chain,8,06c25,1,3,3,8;9;10,06c25;a93e9;0c7c9,Full Attack Chain -> Full Attack Chain -> Full Attack Chain,8(06c25):Full Attack Chain -> 9(a93e9):Full Attack Chain -> 10(0c7c9):Full Attack Chain
Python-Trojan,<module>@main.py_slice.py,1,b2089,Undetermined,6,f2c0d,0,42,35,6;7;8;9;10;11;12;13;14;15;16;17;18;19;20;21;22;23;24;25;26;27;28;29;30;31;32;33;34;35;36;37;38;39;40,f2c0d;66103;4707e;a3b3f;ef777;ebfa5;28e72;27671;ca2be;1f06f;d4d71;1878b;af297;114fa;84747;2e587;8cc51;c7f9f;e88fa;3de6c;bad07;c7a42;dbdf0;0c466;cae75;5e20f;a8447;d257a;ebc01;9ebad;c5c00;4ff7f;6ec89;b5094;cfc93,Undetermined -> Undetermined -> Undetermined -> Undetermined -> Undetermined -> Full Attack Chain -> Full Attack Chain -> Full Attack Chain -> Full Attack Chain -> Full Attack Chain -> Full Attack Chain -> Full Attack Chain -> Full Attack Chain -> Full Attack Chain -> Full Attack Chain -> Full Attack Chain -> Full Attack Chain -> Full Attack Chain -> Full Attack Chain -> Full Attack Chain -> Full Attack Chain -> Full Attack Chain -> Full Attack Chain -> Full Attack Chain -> Full Attack Chain -> Full Attack Chain -> Full Attack Chain -> Full Attack Chain -> Full Attack Chain -> Full Attack Chain -> Full Attack Chain -> Full Attack Chain -> Full Attack Chain -> Full Attack Chain -> Full Attack Chain -> Full Attack Chain -> Full Attack Chain -> Full Attack Chain -> Full Attack Chain -> Full Attack Chain -> Core Attack Chain -> Core Attack Chain,1(b2089):Undetermined -> 2(44b19):Undetermined -> 3(94f78):Undetermined -> 4(f101c):Undetermined -> 5(46687):Undetermined -> 6(f2c0d):Full Attack Chain -> 7(66103):Full Attack Chain -> 8(4707e):Full Attack Chain -> 9(a3b3f):Full Attack Chain -> 10(ef777):Full Attack Chain -> 11(ebfa5):Full Attack Chain -> 12(28e72):Full Attack Chain -> 13(27671):Full Attack Chain -> 14(ca2be):Full Attack Chain -> 15(1f06f):Full Attack Chain -> 16(d4d71):Full Attack Chain -> 17(1878b):Full Attack Chain -> 18(af297):Full Attack Chain -> 19(114fa):Full Attack Chain -> 20(84747):Full Attack Chain -> 21(2e587):Full Attack Chain -> 22(8cc51):Full Attack Chain -> 23(c7f9f):Full Attack Chain -> 24(e88fa):Full Attack Chain -> 25(3de6c):Full Attack Chain -> 26(bad07):Full Attack Chain -> 27(c7a42):Full Attack Chain -> 28(dbdf0):Full Attack Chain -> 29(0c466):Full Attack Chain -> 30(cae75):Full Attack Chain -> 31(5e20f):Full Attack Chain -> 32(a8447):Full Attack Chain -> 33(d257a):Full Attack Chain -> 34(ebc01):Full Attack Chain -> 35(9ebad):Full Attack Chain -> 36(c5c00):Full Attack Chain -> 37(4ff7f):Full Attack Chain -> 38(6ec89):Full Attack Chain -> 39(b5094):Full Attack Chain -> 40(cfc93):Full Attack Chain -> 41(9f8d6):Core Attack Chain -> 42(3dc3b):Core Attack Chain
Python-Trojan,on_message@main.py_slice.py,13,27671,Core Attack Chain,14,ca2be,0,30,29,14;15;16;17;18;19;20;21;22;23;24;25;26;27;28;29;30;31;32;33;34;35;36;37;38;39;40;41;42,ca2be;1f06f;d4d71;1878b;af297;114fa;84747;2e587;8cc51;c7f9f;e88fa;3de6c;bad07;c7a42;dbdf0;0c466;cae75;5e20f;a8447;d257a;ebc01;9ebad;c5c00;4ff7f;6ec89;b5094;cfc93;9f8d6;3dc3b,Core Attack Chain -> Full Attack Chain -> Full Attack Chain -> Full Attack Chain -> Full Attack Chain -> Full Attack Chain -> Full Attack Chain -> Full Attack Chain -> Full Attack Chain -> Full Attack Chain -> Full Attack Chain -> Full Attack Chain -> Full Attack Chain -> Full Attack Chain -> Full Attack Chain -> Full Attack Chain -> Full Attack Chain -> Full Attack Chain -> Full Attack Chain -> Full Attack Chain -> Full Attack Chain -> Full Attack Chain -> Full Attack Chain -> Full Attack Chain -> Full Attack Chain -> Full Attack Chain -> Full Attack Chain -> Full Attack Chain -> Full Attack Chain -> Full Attack Chain,13(27671):Core Attack Chain -> 14(ca2be):Full Attack Chain -> 15(1f06f):Full Attack Chain -> 16(d4d71):Full Attack Chain -> 17(1878b):Full Attack Chain -> 18(af297):Full Attack Chain -> 19(114fa):Full Attack Chain -> 20(84747):Full Attack Chain -> 21(2e587):Full Attack Chain -> 22(8cc51):Full Attack Chain -> 23(c7f9f):Full Attack Chain -> 24(e88fa):Full Attack Chain -> 25(3de6c):Full Attack Chain -> 26(bad07):Full Attack Chain -> 27(c7a42):Full Attack Chain -> 28(dbdf0):Full Attack Chain -> 29(0c466):Full Attack Chain -> 30(cae75):Full Attack Chain -> 31(5e20f):Full Attack Chain -> 32(a8447):Full Attack Chain -> 33(d257a):Full Attack Chain -> 34(ebc01):Full Attack Chain -> 35(9ebad):Full Attack Chain -> 36(c5c00):Full Attack Chain -> 37(4ff7f):Full Attack Chain -> 38(6ec89):Full Attack Chain -> 39(b5094):Full Attack Chain -> 40(cfc93):Full Attack Chain -> 41(9f8d6):Full Attack Chain -> 42(3dc3b):Full Attack Chain
Python-malware-example,<module>@PME.py_slice.py,2,1901b,Full Attack Chain,2,1901b,1,2,2,2;3,1901b;9a575,Full Attack Chain -> Full Attack Chain,2(1901b):Full Attack Chain -> 3(9a575):Full Attack Chain
PythonMalware_1/PythonMalware,<body>@malwareclient.py_slice.py,3,d37f7,Full Attack Chain,3,d37f7,1,4,4,3;4;5;6,d37f7;1a793;19982;82162,Full Attack Chain -> Full Attack Chain -> Full Attack Chain -> Full Attack Chain,3(d37f7):Full Attack Chain -> 4(1a793):Full Attack Chain -> 5(19982):Full Attack Chain -> 6(82162):Full Attack Chain
PythonMalware_1/PythonMalware,<body>@malwarecontrol.py_slice.py,0,a30d9,Full Attack Chain,0,a30d9,1,7,7,0;1;2;3;4;5;6,a30d9;3dd9f;4f24c;d37f7;1a793;19982;82162,Full Attack Chain -> Full Attack Chain -> Full Attack Chain -> Full Attack Chain -> Full Attack Chain -> Full Attack Chain -> Full Attack Chain,0(a30d9):Full Attack Chain -> 1(3dd9f):Full Attack Chain -> 2(4f24c):Full Attack Chain -> 3(d37f7):Full Attack Chain -> 4(1a793):Full Attack Chain -> 5(19982):Full Attack Chain -> 6(82162):Full Attack Chain
PythonMalware_1/PythonMalware,<module>@malwarecontrol.py_slice.py,0,a30d9,Full Attack Chain,0,a30d9,1,7,7,0;1;2;3;4;5;6,a30d9;3dd9f;4f24c;d37f7;1a793;19982;82162,Full Attack Chain -> Full Attack Chain -> Full Attack Chain -> Full Attack Chain -> Full Attack Chain -> Full Attack Chain -> Full Attack Chain,0(a30d9):Full Attack Chain -> 1(3dd9f):Full Attack Chain -> 2(4f24c):Full Attack Chain -> 3(d37f7):Full Attack Chain -> 4(1a793):Full Attack Chain -> 5(19982):Full Attack Chain -> 6(82162):Full Attack Chain
PythonReverseShellBasic,<module>@ReverseShell_client.py_slice.py,4,9c290,Core Attack Chain,5,891e2,0,3,2,5;6,891e2;5fe8a,Core Attack Chain -> Full Attack Chain -> Full Attack Chain,4(9c290):Core Attack Chain -> 5(891e2):Full Attack Chain -> 6(5fe8a):Full Attack Chain
PythonVirusExamples,<module>@ChromeLogger.py_slice.py,0,f266f,Core Attack Chain,1,1f06e,0,3,2,1;2,1f06e;7c4ab,Core Attack Chain -> Full Attack Chain -> Full Attack Chain,0(f266f):Core Attack Chain -> 1(1f06e):Full Attack Chain -> 2(7c4ab):Full Attack Chain
Python_KeyLogger_Prototype,<module>@KYLR.py_slice.py,0,d9b6c,Full Attack Chain,0,d9b6c,1,12,7,0;6;7;8;9;10;11,d9b6c;5289f;31447;f1be2;26dfd;610e1;bd512,Full Attack Chain -> Core Attack Chain -> Core Attack Chain -> Core Attack Chain -> Core Attack Chain -> Core Attack Chain -> Full Attack Chain -> Full Attack Chain -> Full Attack Chain -> Full Attack Chain -> Full Attack Chain -> Full Attack Chain,0(d9b6c):Full Attack Chain -> 1(3e192):Core Attack Chain -> 2(381d9):Core Attack Chain -> 3(41ebc):Core Attack Chain -> 4(25ded):Core Attack Chain -> 5(b01c9):Core Attack Chain -> 6(5289f):Full Attack Chain -> 7(31447):Full Attack Chain -> 8(f1be2):Full Attack Chain -> 9(26dfd):Full Attack Chain -> 10(610e1):Full Attack Chain -> 11(bd512):Full Attack Chain
Python_KeyLogger_Prototype,<module>@test.py_slice.py,4,25ded,Core Attack Chain,6,5289f,0,8,6,6;7;8;9;10;11,5289f;31447;f1be2;26dfd;610e1;bd512,Core Attack Chain -> Core Attack Chain -> Full Attack Chain -> Full Attack Chain -> Full Attack Chain -> Full Attack Chain -> Full Attack Chain -> Full Attack Chain,4(25ded):Core Attack Chain -> 5(b01c9):Core Attack Chain -> 6(5289f):Full Attack Chain -> 7(31447):Full Attack Chain -> 8(f1be2):Full Attack Chain -> 9(26dfd):Full Attack Chain -> 10(610e1):Full Attack Chain -> 11(bd512):Full Attack Chain
Python_Malware,<module>@Client.py_slice.py,0,36e07,Full Attack Chain,0,36e07,1,22,22,0;1;2;3;4;5;6;7;8;9;10;11;12;13;14;15;16;17;18;19;20;21,36e07;94282;26ec6;a9c9a;c2d9c;3d3a2;be405;fe6b8;cd8a1;e43f3;1adc0;8eb41;678e6;a2c9c;1493b;4bfde;3b0f7;a263f;4dae7;95e44;c842d;f1354,Full Attack Chain -> Full Attack Chain -> Full Attack Chain -> Full Attack Chain -> Full Attack Chain -> Full Attack Chain -> Full Attack Chain -> Full Attack Chain -> Full Attack Chain -> Full Attack Chain -> Full Attack Chain -> Full Attack Chain -> Full Attack Chain -> Full Attack Chain -> Full Attack Chain -> Full Attack Chain -> Full Attack Chain -> Full Attack Chain -> Full Attack Chain -> Full Attack Chain -> Full Attack Chain -> Full Attack Chain,0(36e07):Full Attack Chain -> 1(94282):Full Attack Chain -> 2(26ec6):Full Attack Chain -> 3(a9c9a):Full Attack Chain -> 4(c2d9c):Full Attack Chain -> 5(3d3a2):Full Attack Chain -> 6(be405):Full Attack Chain -> 7(fe6b8):Full Attack Chain -> 8(cd8a1):Full Attack Chain -> 9(e43f3):Full Attack Chain -> 10(1adc0):Full Attack Chain -> 11(8eb41):Full Attack Chain -> 12(678e6):Full Attack Chain -> 13(a2c9c):Full Attack Chain -> 14(1493b):Full Attack Chain -> 15(4bfde):Full Attack Chain -> 16(3b0f7):Full Attack Chain -> 17(a263f):Full Attack Chain -> 18(4dae7):Full Attack Chain -> 19(95e44):Full Attack Chain -> 20(c842d):Full Attack Chain -> 21(f1354):Full Attack Chain
Python_Malware,<module>@Malware.py_slice.py,0,36e07,Full Attack Chain,0,36e07,1,22,22,0;1;2;3;4;5;6;7;8;9;10;11;12;13;14;15;16;17;18;19;20;21,36e07;94282;26ec6;a9c9a;c2d9c;3d3a2;be405;fe6b8;cd8a1;e43f3;1adc0;8eb41;678e6;a2c9c;1493b;4bfde;3b0f7;a263f;4dae7;95e44;c842d;f1354,Full Attack Chain -> Full Attack Chain -> Full Attack Chain -> Full Attack Chain -> Full Attack Chain -> Full Attack Chain -> Full Attack Chain -> Full Attack Chain -> Full Attack Chain -> Full Attack Chain -> Full Attack Chain -> Full Attack Chain -> Full Attack Chain -> Full Attack Chain -> Full Attack Chain -> Full Attack Chain -> Full Attack Chain -> Full Attack Chain -> Full Attack Chain -> Full Attack Chain -> Full Attack Chain -> Full Attack Chain,0(36e07):Full Attack Chain -> 1(94282):Full Attack Chain -> 2(26ec6):Full Attack Chain -> 3(a9c9a):Full Attack Chain -> 4(c2d9c):Full Attack Chain -> 5(3d3a2):Full Attack Chain -> 6(be405):Full Attack Chain -> 7(fe6b8):Full Attack Chain -> 8(cd8a1):Full Attack Chain -> 9(e43f3):Full Attack Chain -> 10(1adc0):Full Attack Chain -> 11(8eb41):Full Attack Chain -> 12(678e6):Full Attack Chain -> 13(a2c9c):Full Attack Chain -> 14(1493b):Full Attack Chain -> 15(4bfde):Full Attack Chain -> 16(3b0f7):Full Attack Chain -> 17(a263f):Full Attack Chain -> 18(4dae7):Full Attack Chain -> 19(95e44):Full Attack Chain -> 20(c842d):Full Attack Chain -> 21(f1354):Full Attack Chain
ScaryMalware,<module>@malware.py_slice.py,0,b54b5,Benign,3,d3e8c,0,11,6,3;4;6;7;9;10,d3e8c;e22de;2e6cf;2c725;06075;36f13,Benign -> Core Attack Chain -> Core Attack Chain -> Full Attack Chain -> Full Attack Chain -> Core Attack Chain -> Full Attack Chain -> Full Attack Chain -> Core Attack Chain -> Full Attack Chain -> Full Attack Chain,0(b54b5):Benign -> 1(57d43):Core Attack Chain -> 2(702da):Core Attack Chain -> 3(d3e8c):Full Attack Chain -> 4(e22de):Full Attack Chain -> 5(c5ff7):Core Attack Chain -> 6(2e6cf):Full Attack Chain -> 7(2c725):Full Attack Chain -> 8(3b2cc):Core Attack Chain -> 9(06075):Full Attack Chain -> 10(36f13):Full Attack Chain
TheWeirdVirus,<module>@VirusLoop.py_slice.py,0,b118c,Full Attack Chain,0,b118c,1,8,8,0;1;2;3;4;5;6;7,b118c;da27e;71a89;eae2b;f71c7;e57d7;60016;f4649,Full Attack Chain -> Full Attack Chain -> Full Attack Chain -> Full Attack Chain -> Full Attack Chain -> Full Attack Chain -> Full Attack Chain -> Full Attack Chain,0(b118c):Full Attack Chain -> 1(da27e):Full Attack Chain -> 2(71a89):Full Attack Chain -> 3(eae2b):Full Attack Chain -> 4(f71c7):Full Attack Chain -> 5(e57d7):Full Attack Chain -> 6(60016):Full Attack Chain -> 7(f4649):Full Attack Chain
Trojan,<module>@trojan.py_slice.py,0,17412,Full Attack Chain,0,17412,1,3,3,0;1;2,17412;f1bbe;aa1f3,Full Attack Chain -> Full Attack Chain -> Full Attack Chain,0(17412):Full Attack Chain -> 1(f1bbe):Full Attack Chain -> 2(aa1f3):Full Attack Chain
Virus-Python,<module>@gimme_money.py_slice.py,0,4eb33,Benign,2,47c8f,0,7,2,2;3,47c8f;d52ac,Benign -> Benign -> Full Attack Chain -> Full Attack Chain -> Undetermined -> Core Attack Chain -> Core Attack Chain,0(4eb33):Benign -> 1(2742b):Benign -> 2(47c8f):Full Attack Chain -> 3(d52ac):Full Attack Chain -> 4(95d00):Undetermined -> 5(2884d):Core Attack Chain -> 6(a27ae):Core Attack Chain
Virus000,<body>@aTTacKer.py_slice.py,0,ea90b,Full Attack Chain,0,ea90b,1,7,7,0;1;2;3;4;5;6,ea90b;94bf5;e7558;ec220;0fea8;26784;29176,Full Attack Chain -> Full Attack Chain -> Full Attack Chain -> Full Attack Chain -> Full Attack Chain -> Full Attack Chain -> Full Attack Chain,0(ea90b):Full Attack Chain -> 1(94bf5):Full Attack Chain -> 2(e7558):Full Attack Chain -> 3(ec220):Full Attack Chain -> 4(0fea8):Full Attack Chain -> 5(26784):Full Attack Chain -> 6(29176):Full Attack Chain
Virus000,<body>@viCtim.py_slice.py,0,ea90b,Full Attack Chain,0,ea90b,1,7,7,0;1;2;3;4;5;6,ea90b;94bf5;e7558;ec220;0fea8;26784;29176,Full Attack Chain -> Full Attack Chain -> Full Attack Chain -> Full Attack Chain -> Full Attack Chain -> Full Attack Chain -> Full Attack Chain,0(ea90b):Full Attack Chain -> 1(94bf5):Full Attack Chain -> 2(e7558):Full Attack Chain -> 3(ec220):Full Attack Chain -> 4(0fea8):Full Attack Chain -> 5(26784):Full Attack Chain -> 6(29176):Full Attack Chain
WannaHappy,<module>@EXAMPLE-DJVU.py_slice.py,5,ef915,Full Attack Chain,5,ef915,1,1,1,5,ef915,Full Attack Chain,5(ef915):Full Attack Chain
backdoor,<body>@client.py_slice.py,1,b94ad,Undetermined,2,904d3,0,3,2,2;3,904d3;3ce22,Undetermined -> Full Attack Chain -> Full Attack Chain,1(b94ad):Undetermined -> 2(904d3):Full Attack Chain -> 3(3ce22):Full Attack Chain
backdoor,<module>@client.py_slice.py,3,3ce22,Full Attack Chain,3,3ce22,1,1,1,3,3ce22,Full Attack Chain,3(3ce22):Full Attack Chain
backdoor2,<module>@reverse_shell.py_slice.py,1,4982e,Undetermined,7,e1fd3,0,7,1,7,e1fd3,Undetermined -> Core Attack Chain -> Core Attack Chain -> Core Attack Chain -> Core Attack Chain -> Core Attack Chain -> Full Attack Chain,1(4982e):Undetermined -> 2(003bd):Core Attack Chain -> 3(ce157):Core Attack Chain -> 4(15433):Core Attack Chain -> 5(8216c):Core Attack Chain -> 6(faa7c):Core Attack Chain -> 7(e1fd3):Full Attack Chain
beep,<module>@virus.py_slice.py,0,244fc,Benign,1,aac79,0,13,9,1;2;3;4;5;6;8;9;12,aac79;01a62;a6a72;6ca31;55be7;53e58;77881;beae0;41a8e,Benign -> Full Attack Chain -> Full Attack Chain -> Full Attack Chain -> Full Attack Chain -> Full Attack Chain -> Full Attack Chain -> Core Attack Chain -> Full Attack Chain -> Full Attack Chain -> Core Attack Chain -> Core Attack Chain -> Full Attack Chain,0(244fc):Benign -> 1(aac79):Full Attack Chain -> 2(01a62):Full Attack Chain -> 3(a6a72):Full Attack Chain -> 4(6ca31):Full Attack Chain -> 5(55be7):Full Attack Chain -> 6(53e58):Full Attack Chain -> 7(1ade8):Core Attack Chain -> 8(77881):Full Attack Chain -> 9(beae0):Full Attack Chain -> 10(9719c):Core Attack Chain -> 11(6a815):Core Attack Chain -> 12(41a8e):Full Attack Chain
crypto-clipper,<module>@main.py_slice.py,0,dfe2b,Full Attack Chain,0,dfe2b,1,5,5,0;1;2;3;4,dfe2b;868ca;ca07b;f9abe;299de,Full Attack Chain -> Full Attack Chain -> Full Attack Chain -> Full Attack Chain -> Full Attack Chain,0(dfe2b):Full Attack Chain -> 1(868ca):Full Attack Chain -> 2(ca07b):Full Attack Chain -> 3(f9abe):Full Attack Chain -> 4(299de):Full Attack Chain
dojo6oct16,<body>@infector.py_slice.py,10,1f053,Full Attack Chain,10,1f053,1,8,8,10;11;12;13;14;15;16;17,1f053;502e1;84ec1;c2083;0098c;36a16;df504;af251,Full Attack Chain -> Full Attack Chain -> Full Attack Chain -> Full Attack Chain -> Full Attack Chain -> Full Attack Chain -> Full Attack Chain -> Full Attack Chain,10(1f053):Full Attack Chain -> 11(502e1):Full Attack Chain -> 12(84ec1):Full Attack Chain -> 13(c2083):Full Attack Chain -> 14(0098c):Full Attack Chain -> 15(36a16):Full Attack Chain -> 16(df504):Full Attack Chain -> 17(af251):Full Attack Chain
dojo6oct16,<module>@infector.py_slice.py,4,c6dce,Core Attack Chain,7,8916a,0,13,11,7;8;9;10;11;12;13;14;15;16;17,8916a;06600;1a34e;1f053;502e1;84ec1;c2083;0098c;36a16;df504;af251,Core Attack Chain -> Core Attack Chain -> Full Attack Chain -> Full Attack Chain -> Full Attack Chain -> Full Attack Chain -> Full Attack Chain -> Full Attack Chain -> Full Attack Chain -> Full Attack Chain -> Full Attack Chain -> Full Attack Chain -> Full Attack Chain,4(c6dce):Core Attack Chain -> 6(ff97b):Core Attack Chain -> 7(8916a):Full Attack Chain -> 8(06600):Full Attack Chain -> 9(1a34e):Full Attack Chain -> 10(1f053):Full Attack Chain -> 11(502e1):Full Attack Chain -> 12(84ec1):Full Attack Chain -> 13(c2083):Full Attack Chain -> 14(0098c):Full Attack Chain -> 15(36a16):Full Attack Chain -> 16(df504):Full Attack Chain -> 17(af251):Full Attack Chain
funny-virus,<body>@papa_client.py_slice.py,9,d48fd,Full Attack Chain,9,d48fd,1,9,9,9;10;11;12;13;14;15;16;17,d48fd;90791;d8dd7;909c5;578e1;e69ef;11668;ad64d;5776f,Full Attack Chain -> Full Attack Chain -> Full Attack Chain -> Full Attack Chain -> Full Attack Chain -> Full Attack Chain -> Full Attack Chain -> Full Attack Chain -> Full Attack Chain,9(d48fd):Full Attack Chain -> 10(90791):Full Attack Chain -> 11(d8dd7):Full Attack Chain -> 12(909c5):Full Attack Chain -> 13(578e1):Full Attack Chain -> 14(e69ef):Full Attack Chain -> 15(11668):Full Attack Chain -> 16(ad64d):Full Attack Chain -> 17(5776f):Full Attack Chain
funny-virus,<body>@papa_payload.py_slice.py,14,e69ef,Full Attack Chain,14,e69ef,1,4,4,14;15;16;17,e69ef;11668;ad64d;5776f,Full Attack Chain -> Full Attack Chain -> Full Attack Chain -> Full Attack Chain,14(e69ef):Full Attack Chain -> 15(11668):Full Attack Chain -> 16(ad64d):Full Attack Chain -> 17(5776f):Full Attack Chain
funny-virus,<body>@papa_server.py_slice.py,10,90791,Core Attack Chain,16,ad64d,0,8,2,16;17,ad64d;5776f,Core Attack Chain -> Core Attack Chain -> Core Attack Chain -> Core Attack Chain -> Core Attack Chain -> Core Attack Chain -> Full Attack Chain -> Full Attack Chain,10(90791):Core Attack Chain -> 11(d8dd7):Core Attack Chain -> 12(909c5):Core Attack Chain -> 13(578e1):Core Attack Chain -> 14(e69ef):Core Attack Chain -> 15(11668):Core Attack Chain -> 16(ad64d):Full Attack Chain -> 17(5776f):Full Attack Chain
funny-virus,<module>@Birthday_Message_Bomb_superstar.py_slice.py,16,ad64d,Benign,17,5776f,0,2,1,17,5776f,Benign -> Full Attack Chain,16(ad64d):Benign -> 17(5776f):Full Attack Chain
funny-virus,<module>@papa_client.py_slice.py,9,d48fd,Full Attack Chain,9,d48fd,1,9,9,9;10;11;12;13;14;15;16;17,d48fd;90791;d8dd7;909c5;578e1;e69ef;11668;ad64d;5776f,Full Attack Chain -> Full Attack Chain -> Full Attack Chain -> Full Attack Chain -> Full Attack Chain -> Full Attack Chain -> Full Attack Chain -> Full Attack Chain -> Full Attack Chain,9(d48fd):Full Attack Chain -> 10(90791):Full Attack Chain -> 11(d8dd7):Full Attack Chain -> 12(909c5):Full Attack Chain -> 13(578e1):Full Attack Chain -> 14(e69ef):Full Attack Chain -> 15(11668):Full Attack Chain -> 16(ad64d):Full Attack Chain -> 17(5776f):Full Attack Chain
funny-virus,<module>@papa_papa_socket.py_slice.py,7,97ad1,Full Attack Chain,7,97ad1,1,12,12,7;8;9;10;11;12;13;14;15;16;17;18,97ad1;0a71a;d48fd;90791;d8dd7;909c5;578e1;e69ef;11668;ad64d;5776f;3e3b2,Full Attack Chain -> Full Attack Chain -> Full Attack Chain -> Full Attack Chain -> Full Attack Chain -> Full Attack Chain -> Full Attack Chain -> Full Attack Chain -> Full Attack Chain -> Full Attack Chain -> Full Attack Chain -> Full Attack Chain,7(97ad1):Full Attack Chain -> 8(0a71a):Full Attack Chain -> 9(d48fd):Full Attack Chain -> 10(90791):Full Attack Chain -> 11(d8dd7):Full Attack Chain -> 12(909c5):Full Attack Chain -> 13(578e1):Full Attack Chain -> 14(e69ef):Full Attack Chain -> 15(11668):Full Attack Chain -> 16(ad64d):Full Attack Chain -> 17(5776f):Full Attack Chain -> 18(3e3b2):Full Attack Chain
funny-virus,<module>@papa_payload.py_slice.py,14,e69ef,Full Attack Chain,14,e69ef,1,5,5,14;15;16;17;18,e69ef;11668;ad64d;5776f;3e3b2,Full Attack Chain -> Full Attack Chain -> Full Attack Chain -> Full Attack Chain -> Full Attack Chain,14(e69ef):Full Attack Chain -> 15(11668):Full Attack Chain -> 16(ad64d):Full Attack Chain -> 17(5776f):Full Attack Chain -> 18(3e3b2):Full Attack Chain
funny-virus,<module>@papa_server.py_slice.py,10,90791,Full Attack Chain,10,90791,1,9,3,10;14;15,90791;e69ef;11668,Full Attack Chain -> Core Attack Chain -> Core Attack Chain -> Core Attack Chain -> Full Attack Chain -> Full Attack Chain -> Core Attack Chain -> Core Attack Chain -> Core Attack Chain,10(90791):Full Attack Chain -> 11(d8dd7):Core Attack Chain -> 12(909c5):Core Attack Chain -> 13(578e1):Core Attack Chain -> 14(e69ef):Full Attack Chain -> 15(11668):Full Attack Chain -> 16(ad64d):Core Attack Chain -> 17(5776f):Core Attack Chain -> 18(3e3b2):Core Attack Chain
funny-virus,<module>@papa_socket.py_slice.py,15,11668,Core Attack Chain,16,ad64d,0,4,3,16;17;18,ad64d;5776f;3e3b2,Core Attack Chain -> Full Attack Chain -> Full Attack Chain -> Full Attack Chain,15(11668):Core Attack Chain -> 16(ad64d):Full Attack Chain -> 17(5776f):Full Attack Chain -> 18(3e3b2):Full Attack Chain
funny-virus,<module>@riny_riny.py_slice.py,5,e4e14,Full Attack Chain,5,e4e14,1,13,13,5;6;7;8;9;10;11;12;13;14;15;16;17,e4e14;e2566;97ad1;0a71a;d48fd;90791;d8dd7;909c5;578e1;e69ef;11668;ad64d;5776f,Full Attack Chain -> Full Attack Chain -> Full Attack Chain -> Full Attack Chain -> Full Attack Chain -> Full Attack Chain -> Full Attack Chain -> Full Attack Chain -> Full Attack Chain -> Full Attack Chain -> Full Attack Chain -> Full Attack Chain -> Full Attack Chain,5(e4e14):Full Attack Chain -> 6(e2566):Full Attack Chain -> 7(97ad1):Full Attack Chain -> 8(0a71a):Full Attack Chain -> 9(d48fd):Full Attack Chain -> 10(90791):Full Attack Chain -> 11(d8dd7):Full Attack Chain -> 12(909c5):Full Attack Chain -> 13(578e1):Full Attack Chain -> 14(e69ef):Full Attack Chain -> 15(11668):Full Attack Chain -> 16(ad64d):Full Attack Chain -> 17(5776f):Full Attack Chain
funny-virus,<module>@sork.py_slice.py,1,410ec,Full Attack Chain,1,410ec,1,1,1,1,410ec,Full Attack Chain,1(410ec):Full Attack Chain
funny-virus,<module>@sork_sork.py_slice.py,2,2cbb3,Full Attack Chain,2,2cbb3,1,3,3,2;3;4,2cbb3;d3bdf;5df84,Full Attack Chain -> Full Attack Chain -> Full Attack Chain,2(2cbb3):Full Attack Chain -> 3(d3bdf):Full Attack Chain -> 4(5df84):Full Attack Chain
iobdug_malware_py,<module>@executable.py_slice.py,0,6349e,Benign,3,8dcab,0,4,1,3,8dcab,Benign -> Core Attack Chain -> Core Attack Chain -> Full Attack Chain,0(6349e):Benign -> 1(8601a):Core Attack Chain -> 2(5d3d8):Core Attack Chain -> 3(8dcab):Full Attack Chain
keylogger,<body>@src_keylogger.py_slice.py,5,3291f,Full Attack Chain,5,3291f,1,39,39,5;6;7;8;9;10;11;12;16;17;18;19;20;21;22;23;24;25;26;27;28;29;30;31;32;33;34;35;36;37;38;39;40;41;42;43;44;45;46,3291f;10d8d;64762;fd003;ee3ab;97edf;b168c;9176b;b2aad;43a00;0bee1;dd79c;aa11f;f7a90;c4cb2;ab29d;fb60c;1c092;db70d;2b0ae;35982;a1fa1;da4e5;5dfdd;76743;b0fba;eb665;26557;826bf;944c2;a9570;943eb;c1c0f;3a05f;3e1bd;26727;8f0fd;0ef3a;1c0c8,Full Attack Chain -> Full Attack Chain -> Full Attack Chain -> Full Attack Chain -> Full Attack Chain -> Full Attack Chain -> Full Attack Chain -> Full Attack Chain -> Full Attack Chain -> Full Attack Chain -> Full Attack Chain -> Full Attack Chain -> Full Attack Chain -> Full Attack Chain -> Full Attack Chain -> Full Attack Chain -> Full Attack Chain -> Full Attack Chain -> Full Attack Chain -> Full Attack Chain -> Full Attack Chain -> Full Attack Chain -> Full Attack Chain -> Full Attack Chain -> Full Attack Chain -> Full Attack Chain -> Full Attack Chain -> Full Attack Chain -> Full Attack Chain -> Full Attack Chain -> Full Attack Chain -> Full Attack Chain -> Full Attack Chain -> Full Attack Chain -> Full Attack Chain -> Full Attack Chain -> Full Attack Chain -> Full Attack Chain -> Full Attack Chain,5(3291f):Full Attack Chain -> 6(10d8d):Full Attack Chain -> 7(64762):Full Attack Chain -> 8(fd003):Full Attack Chain -> 9(ee3ab):Full Attack Chain -> 10(97edf):Full Attack Chain -> 11(b168c):Full Attack Chain -> 12(9176b):Full Attack Chain -> 16(b2aad):Full Attack Chain -> 17(43a00):Full Attack Chain -> 18(0bee1):Full Attack Chain -> 19(dd79c):Full Attack Chain -> 20(aa11f):Full Attack Chain -> 21(f7a90):Full Attack Chain -> 22(c4cb2):Full Attack Chain -> 23(ab29d):Full Attack Chain -> 24(fb60c):Full Attack Chain -> 25(1c092):Full Attack Chain -> 26(db70d):Full Attack Chain -> 27(2b0ae):Full Attack Chain -> 28(35982):Full Attack Chain -> 29(a1fa1):Full Attack Chain -> 30(da4e5):Full Attack Chain -> 31(5dfdd):Full Attack Chain -> 32(76743):Full Attack Chain -> 33(b0fba):Full Attack Chain -> 34(eb665):Full Attack Chain -> 35(26557):Full Attack Chain -> 36(826bf):Full Attack Chain -> 37(944c2):Full Attack Chain -> 38(a9570):Full Attack Chain -> 39(943eb):Full Attack Chain -> 40(c1c0f):Full Attack Chain -> 41(3a05f):Full Attack Chain -> 42(3e1bd):Full Attack Chain -> 43(26727):Full Attack Chain -> 44(8f0fd):Full Attack Chain -> 45(0ef3a):Full Attack Chain -> 46(1c0c8):Full Attack Chain
keylogger,<module>@src_bot.py_slice.py,4,e79cc,Undetermined,6,10d8d,0,7,5,6;7;8;9;10,10d8d;64762;fd003;ee3ab;97edf,Undetermined -> Undetermined -> Full Attack Chain -> Full Attack Chain -> Full Attack Chain -> Full Attack Chain -> Full Attack Chain,4(e79cc):Undetermined -> 5(3291f):Undetermined -> 6(10d8d):Full Attack Chain -> 7(64762):Full Attack Chain -> 8(fd003):Full Attack Chain -> 9(ee3ab):Full Attack Chain -> 10(97edf):Full Attack Chain
keylogger,<module>@src_keylogger.py_slice.py,7,64762,Full Attack Chain,7,64762,1,37,37,7;8;9;10;11;12;16;17;18;19;20;21;22;23;24;25;26;27;28;29;30;31;32;33;34;35;36;37;38;39;40;41;42;43;44;45;46,64762;fd003;ee3ab;97edf;b168c;9176b;b2aad;43a00;0bee1;dd79c;aa11f;f7a90;c4cb2;ab29d;fb60c;1c092;db70d;2b0ae;35982;a1fa1;da4e5;5dfdd;76743;b0fba;eb665;26557;826bf;944c2;a9570;943eb;c1c0f;3a05f;3e1bd;26727;8f0fd;0ef3a;1c0c8,Full Attack Chain -> Full Attack Chain -> Full Attack Chain -> Full Attack Chain -> Full Attack Chain -> Full Attack Chain -> Full Attack Chain -> Full Attack Chain -> Full Attack Chain -> Full Attack Chain -> Full Attack Chain -> Full Attack Chain -> Full Attack Chain -> Full Attack Chain -> Full Attack Chain -> Full Attack Chain -> Full Attack Chain -> Full Attack Chain -> Full Attack Chain -> Full Attack Chain -> Full Attack Chain -> Full Attack Chain -> Full Attack Chain -> Full Attack Chain -> Full Attack Chain -> Full Attack Chain -> Full Attack Chain -> Full Attack Chain -> Full Attack Chain -> Full Attack Chain -> Full Attack Chain -> Full Attack Chain -> Full Attack Chain -> Full Attack Chain -> Full Attack Chain -> Full Attack Chain -> Full Attack Chain,7(64762):Full Attack Chain -> 8(fd003):Full Attack Chain -> 9(ee3ab):Full Attack Chain -> 10(97edf):Full Attack Chain -> 11(b168c):Full Attack Chain -> 12(9176b):Full Attack Chain -> 16(b2aad):Full Attack Chain -> 17(43a00):Full Attack Chain -> 18(0bee1):Full Attack Chain -> 19(dd79c):Full Attack Chain -> 20(aa11f):Full Attack Chain -> 21(f7a90):Full Attack Chain -> 22(c4cb2):Full Attack Chain -> 23(ab29d):Full Attack Chain -> 24(fb60c):Full Attack Chain -> 25(1c092):Full Attack Chain -> 26(db70d):Full Attack Chain -> 27(2b0ae):Full Attack Chain -> 28(35982):Full Attack Chain -> 29(a1fa1):Full Attack Chain -> 30(da4e5):Full Attack Chain -> 31(5dfdd):Full Attack Chain -> 32(76743):Full Attack Chain -> 33(b0fba):Full Attack Chain -> 34(eb665):Full Attack Chain -> 35(26557):Full Attack Chain -> 36(826bf):Full Attack Chain -> 37(944c2):Full Attack Chain -> 38(a9570):Full Attack Chain -> 39(943eb):Full Attack Chain -> 40(c1c0f):Full Attack Chain -> 41(3a05f):Full Attack Chain -> 42(3e1bd):Full Attack Chain -> 43(26727):Full Attack Chain -> 44(8f0fd):Full Attack Chain -> 45(0ef3a):Full Attack Chain -> 46(1c0c8):Full Attack Chain
keylogger,run@src_keylogger.py_slice.py,7,64762,Full Attack Chain,7,64762,1,5,5,7;23;28;31;39,64762;ab29d;35982;5dfdd;943eb,Full Attack Chain -> Full Attack Chain -> Full Attack Chain -> Full Attack Chain -> Full Attack Chain,7(64762):Full Attack Chain -> 23(ab29d):Full Attack Chain -> 28(35982):Full Attack Chain -> 31(5dfdd):Full Attack Chain -> 39(943eb):Full Attack Chain
keylogger1,<module>@keylogger.py_slice.py,0,84329,Undetermined,1,feaad,0,3,2,1;2,feaad;6342b,Undetermined -> Full Attack Chain -> Full Attack Chain,0(84329):Undetermined -> 1(feaad):Full Attack Chain -> 2(6342b):Full Attack Chain
keylogger2,<body>@keylogger.py_slice.py,3,ef856,Core Attack Chain,5,4a737,0,4,2,5;6,4a737;2bc69,Core Attack Chain -> Core Attack Chain -> Full Attack Chain -> Full Attack Chain,3(ef856):Core Attack Chain -> 4(96e94):Core Attack Chain -> 5(4a737):Full Attack Chain -> 6(2bc69):Full Attack Chain
keylogger3,<module>@keylogger.py_slice.py,0,3f948,Undetermined,2,47879,0,3,1,2,47879,Undetermined -> Core Attack Chain -> Full Attack Chain,0(3f948):Undetermined -> 1(2e39e):Core Attack Chain -> 2(47879):Full Attack Chain
keylogger4,<body>@keylogger.py_slice.py,3,33dc7,Core Attack Chain,4,b071d,0,2,1,4,b071d,Core Attack Chain -> Full Attack Chain,3(33dc7):Core Attack Chain -> 4(b071d):Full Attack Chain
keylogger4,<module>@keylogger.py_slice.py,4,b071d,Full Attack Chain,4,b071d,1,1,1,4,b071d,Full Attack Chain,4(b071d):Full Attack Chain
little-python-malware,<module>@malware.py_slice.py,0,4aead,Full Attack Chain,0,4aead,1,3,3,0;1;2,4aead;2647f;6c7ab,Full Attack Chain -> Full Attack Chain -> Full Attack Chain,0(4aead):Full Attack Chain -> 1(2647f):Full Attack Chain -> 2(6c7ab):Full Attack Chain
malware-01,<module>@client.py_slice.py,0,1df3a,Full Attack Chain,0,1df3a,1,4,4,0;1;2;3,1df3a;6a36d;f71ca;b22f0,Full Attack Chain -> Full Attack Chain -> Full Attack Chain -> Full Attack Chain,0(1df3a):Full Attack Chain -> 1(6a36d):Full Attack Chain -> 2(f71ca):Full Attack Chain -> 3(b22f0):Full Attack Chain
megaloptera,<module>@dropper.py_slice.py,7,d66ad,Full Attack Chain,7,d66ad,1,1,1,7,d66ad,Full Attack Chain,7(d66ad):Full Attack Chain
megaloptera,<module>@dropperObfuscate.py_slice.py,7,d66ad,Full Attack Chain,7,d66ad,1,1,1,7,d66ad,Full Attack Chain,7(d66ad):Full Attack Chain
megaloptera,<module>@megaloptera.py_slice.py,0,9f2ed,Core Attack Chain,4,695c1,0,6,2,4;5,695c1;75922,Core Attack Chain -> Core Attack Chain -> Core Attack Chain -> Core Attack Chain -> Full Attack Chain -> Full Attack Chain,0(9f2ed):Core Attack Chain -> 1(6af8d):Core Attack Chain -> 2(50c4a):Core Attack Chain -> 3(88129):Core Attack Chain -> 4(695c1):Full Attack Chain -> 5(75922):Full Attack Chain
megaloptera,<module>@src_dropper.py_slice.py,5,75922,Full Attack Chain,5,75922,1,3,3,5;6;7,75922;b815c;d66ad,Full Attack Chain -> Full Attack Chain -> Full Attack Chain,5(75922):Full Attack Chain -> 6(b815c):Full Attack Chain -> 7(d66ad):Full Attack Chain
parvox,<module>@adder.py_slice.py,5,ae436,Core Attack Chain,7,ac111,0,5,3,7;8;9,ac111;bc1e1;e22d0,Core Attack Chain -> Core Attack Chain -> Full Attack Chain -> Full Attack Chain -> Full Attack Chain,5(ae436):Core Attack Chain -> 6(5aad2):Core Attack Chain -> 7(ac111):Full Attack Chain -> 8(bc1e1):Full Attack Chain -> 9(e22d0):Full Attack Chain
parvox,<module>@dikz_payloads_revshell.py_slice.py,1,7e77e,Full Attack Chain,1,7e77e,1,3,3,1;2;3,7e77e;7f76c;3bc2b,Full Attack Chain -> Full Attack Chain -> Full Attack Chain,1(7e77e):Full Attack Chain -> 2(7f76c):Full Attack Chain -> 3(3bc2b):Full Attack Chain
parvox,<module>@dikz_payloads_wallp.py_slice.py,1,7e77e,Full Attack Chain,1,7e77e,1,1,1,1,7e77e,Full Attack Chain,1(7e77e):Full Attack Chain
parvox,<module>@main.py_slice.py,0,9467c,Benign,7,ac111,0,10,3,7;8;9,ac111;bc1e1;e22d0,Benign -> Benign -> Benign -> Benign -> Benign -> Core Attack Chain -> Undetermined -> Full Attack Chain -> Full Attack Chain -> Full Attack Chain,0(9467c):Benign -> 1(7e77e):Benign -> 2(7f76c):Benign -> 3(3bc2b):Benign -> 4(1cf7a):Benign -> 5(ae436):Core Attack Chain -> 6(5aad2):Undetermined -> 7(ac111):Full Attack Chain -> 8(bc1e1):Full Attack Chain -> 9(e22d0):Full Attack Chain
parvox,<module>@output_virus.py_slice.py,7,ac111,Full Attack Chain,7,ac111,1,2,2,7;8,ac111;bc1e1,Full Attack Chain -> Full Attack Chain,7(ac111):Full Attack Chain -> 8(bc1e1):Full Attack Chain
parvox,<module>@payloads_change_wallpaper.py_slice.py,5,ae436,Full Attack Chain,5,ae436,1,5,5,5;6;7;8;9,ae436;5aad2;ac111;bc1e1;e22d0,Full Attack Chain -> Full Attack Chain -> Full Attack Chain -> Full Attack Chain -> Full Attack Chain,5(ae436):Full Attack Chain -> 6(5aad2):Full Attack Chain -> 7(ac111):Full Attack Chain -> 8(bc1e1):Full Attack Chain -> 9(e22d0):Full Attack Chain
parvox,<module>@payloads_mini_worm.py_slice.py,5,ae436,Full Attack Chain,5,ae436,1,5,5,5;6;7;8;9,ae436;5aad2;ac111;bc1e1;e22d0,Full Attack Chain -> Full Attack Chain -> Full Attack Chain -> Full Attack Chain -> Full Attack Chain,5(ae436):Full Attack Chain -> 6(5aad2):Full Attack Chain -> 7(ac111):Full Attack Chain -> 8(bc1e1):Full Attack Chain -> 9(e22d0):Full Attack Chain
parvox,<module>@payloads_replicate.py_slice.py,4,1cf7a,Full Attack Chain,4,1cf7a,1,1,1,4,1cf7a,Full Attack Chain,4(1cf7a):Full Attack Chain
parvox,<module>@payloads_reverse_shell.py_slice.py,5,ae436,Full Attack Chain,5,ae436,1,5,5,5;6;7;8;9,ae436;5aad2;ac111;bc1e1;e22d0,Full Attack Chain -> Full Attack Chain -> Full Attack Chain -> Full Attack Chain -> Full Attack Chain,5(ae436):Full Attack Chain -> 6(5aad2):Full Attack Chain -> 7(ac111):Full Attack Chain -> 8(bc1e1):Full Attack Chain -> 9(e22d0):Full Attack Chain
parvox,<module>@payloads_revshell.py_slice.py,4,1cf7a,Full Attack Chain,4,1cf7a,1,1,1,4,1cf7a,Full Attack Chain,4(1cf7a):Full Attack Chain
parvox,<module>@payloads_wallp.py_slice.py,4,1cf7a,Full Attack Chain,4,1cf7a,1,1,1,4,1cf7a,Full Attack Chain,4(1cf7a):Full Attack Chain
python-malware,<module>@clipboard_event.py_slice.py,14,0c40b,Full Attack Chain,14,0c40b,1,1,1,14,0c40b,Full Attack Chain,14(0c40b):Full Attack Chain
python-malware,<module>@mail_event.py_slice.py,6,31a0c,Full Attack Chain,6,31a0c,1,9,9,6;7;8;9;10;11;12;13;14,31a0c;09b46;22dee;2c321;a21dd;e70e9;7ac43;ad12d;0c40b,Full Attack Chain -> Full Attack Chain -> Full Attack Chain -> Full Attack Chain -> Full Attack Chain -> Full Attack Chain -> Full Attack Chain -> Full Attack Chain -> Full Attack Chain,6(31a0c):Full Attack Chain -> 7(09b46):Full Attack Chain -> 8(22dee):Full Attack Chain -> 9(2c321):Full Attack Chain -> 10(a21dd):Full Attack Chain -> 11(e70e9):Full Attack Chain -> 12(7ac43):Full Attack Chain -> 13(ad12d):Full Attack Chain -> 14(0c40b):Full Attack Chain
python-malware,<module>@mic_record.py_slice.py,11,e70e9,Full Attack Chain,11,e70e9,1,4,4,11;12;13;14,e70e9;7ac43;ad12d;0c40b,Full Attack Chain -> Full Attack Chain -> Full Attack Chain -> Full Attack Chain,11(e70e9):Full Attack Chain -> 12(7ac43):Full Attack Chain -> 13(ad12d):Full Attack Chain -> 14(0c40b):Full Attack Chain
python-malware1/python-malware,<module>@alerta.py_slice.py,0,0dd59,Full Attack Chain,0,0dd59,1,4,4,0;1;2;3,0dd59;e495f;f5700;57b61,Full Attack Chain -> Full Attack Chain -> Full Attack Chain -> Full Attack Chain,0(0dd59):Full Attack Chain -> 1(e495f):Full Attack Chain -> 2(f5700):Full Attack Chain -> 3(57b61):Full Attack Chain
python-malware1/python-malware,<module>@script.py_slice.py,3,57b61,Full Attack Chain,3,57b61,1,9,9,3;4;5;6;7;8;9;10;11,57b61;ffc0c;820a3;7c0ab;f4a32;29566;40420;02d90;a8b81,Full Attack Chain -> Full Attack Chain -> Full Attack Chain -> Full Attack Chain -> Full Attack Chain -> Full Attack Chain -> Full Attack Chain -> Full Attack Chain -> Full Attack Chain,3(57b61):Full Attack Chain -> 4(ffc0c):Full Attack Chain -> 5(820a3):Full Attack Chain -> 6(7c0ab):Full Attack Chain -> 7(f4a32):Full Attack Chain -> 8(29566):Full Attack Chain -> 9(40420):Full Attack Chain -> 10(02d90):Full Attack Chain -> 11(a8b81):Full Attack Chain
python-malware2/python-malware,<module>@main.py_slice.py,0,b26c0,Core Attack Chain,1,4bd71,0,2,1,1,4bd71,Core Attack Chain -> Full Attack Chain,0(b26c0):Core Attack Chain -> 1(4bd71):Full Attack Chain
python-malware3/python-malware,<module>@client_client.py_slice.py,9,77145,Full Attack Chain,9,77145,1,2,2,9;10,77145;ad449,Full Attack Chain -> Full Attack Chain,9(77145):Full Attack Chain -> 10(ad449):Full Attack Chain
python-malware3/python-malware,<module>@clienttest.py_slice.py,0,d3a15,Undetermined,7,64c74,0,9,2,7;8,64c74;cf1b7,Undetermined -> Undetermined -> Core Attack Chain -> Core Attack Chain -> Core Attack Chain -> Core Attack Chain -> Core Attack Chain -> Full Attack Chain -> Full Attack Chain,0(d3a15):Undetermined -> 1(15c73):Undetermined -> 2(850c8):Core Attack Chain -> 3(8574a):Core Attack Chain -> 4(dd22c):Core Attack Chain -> 5(40fae):Core Attack Chain -> 6(10f0a):Core Attack Chain -> 7(64c74):Full Attack Chain -> 8(cf1b7):Full Attack Chain
python-malware3/python-malware,<module>@dos.py_slice.py,6,10f0a,Full Attack Chain,6,10f0a,1,3,3,6;7;8,10f0a;64c74;cf1b7,Full Attack Chain -> Full Attack Chain -> Full Attack Chain,6(10f0a):Full Attack Chain -> 7(64c74):Full Attack Chain -> 8(cf1b7):Full Attack Chain
python-malware3/python-malware,<module>@tools_dos.py_slice.py,9,77145,Full Attack Chain,9,77145,1,2,2,9;10,77145;ad449,Full Attack Chain -> Full Attack Chain,9(77145):Full Attack Chain -> 10(ad449):Full Attack Chain
python-malware3/python-malware,<module>@tools_persistance.py_slice.py,10,ad449,Full Attack Chain,10,ad449,1,1,1,10,ad449,Full Attack Chain,10(ad449):Full Attack Chain
ransomware,<module>@lib_en_decrypt.py_slice.py,1,164d2,Full Attack Chain,1,164d2,1,2,2,1;2,164d2;ae168,Full Attack Chain -> Full Attack Chain,1(164d2):Full Attack Chain -> 2(ae168):Full Attack Chain
ransomware,<module>@lib_zzz_exploit.py_slice.py,2,ae168,Full Attack Chain,2,ae168,1,1,1,2,ae168,Full Attack Chain,2(ae168):Full Attack Chain
ransomware,<module>@main.py_slice.py,0,fde37,Full Attack Chain,0,fde37,1,3,3,0;1;2,fde37;164d2;ae168,Full Attack Chain -> Full Attack Chain -> Full Attack Chain,0(fde37):Full Attack Chain -> 1(164d2):Full Attack Chain -> 2(ae168):Full Attack Chain
ransomware2,<module>@encrypt.py_slice.py,3,f4a30,Undetermined,5,c91af,0,4,1,5,c91af,Undetermined -> Core Attack Chain -> Full Attack Chain -> Core Attack Chain,3(f4a30):Undetermined -> 4(96b1f):Core Attack Chain -> 5(c91af):Full Attack Chain -> 6(76b79):Core Attack Chain
ransomware3,<module>@attack.py_slice.py,1,fba94,Undetermined,3,725f5,0,5,3,3;4;5,725f5;e29aa;7d82f,Undetermined -> Core Attack Chain -> Full Attack Chain -> Full Attack Chain -> Full Attack Chain,1(fba94):Undetermined -> 2(aa702):Core Attack Chain -> 3(725f5):Full Attack Chain -> 4(e29aa):Full Attack Chain -> 5(7d82f):Full Attack Chain
ransomware4,<module>@ransomware.py_slice.py,2,fea26,Undetermined,7,6fa08,0,6,1,7,6fa08,Undetermined -> Undetermined -> Core Attack Chain -> Core Attack Chain -> Core Attack Chain -> Full Attack Chain,2(fea26):Undetermined -> 3(92b3a):Undetermined -> 4(034e6):Core Attack Chain -> 5(f74df):Core Attack Chain -> 6(e8210):Core Attack Chain -> 7(6fa08):Full Attack Chain
ransomware6,<module>@ransomware.py_slice.py,0,571ee,Undetermined,2,400a1,0,4,2,2;3,400a1;546b3,Undetermined -> Core Attack Chain -> Full Attack Chain -> Full Attack Chain,0(571ee):Undetermined -> 1(2c7b0):Core Attack Chain -> 2(400a1):Full Attack Chain -> 3(546b3):Full Attack Chain
reverseShell1,<module>@reverse.py_slice.py,0,c6677,Full Attack Chain,0,c6677,1,4,4,0;1;2;3,c6677;2ceaa;72770;a9d41,Full Attack Chain -> Full Attack Chain -> Full Attack Chain -> Full Attack Chain,0(c6677):Full Attack Chain -> 1(2ceaa):Full Attack Chain -> 2(72770):Full Attack Chain -> 3(a9d41):Full Attack Chain
reverseShell2,<module>@client.py_slice.py,1,683ad,Undetermined,3,3d1ac,0,3,1,3,3d1ac,Undetermined -> Undetermined -> Full Attack Chain,1(683ad):Undetermined -> 2(86f9e):Undetermined -> 3(3d1ac):Full Attack Chain
reverseShell3,<module>@client.py_slice.py,0,dcf79,Undetermined,1,1ccbb,0,2,1,1,1ccbb,Undetermined -> Full Attack Chain,0(dcf79):Undetermined -> 1(1ccbb):Full Attack Chain
shameleon,<module>@builder.py_slice.py,6,464c1,Full Attack Chain,6,464c1,1,5,5,6;7;8;9;10,464c1;6486f;0bb1e;2e87b;0a26f,Full Attack Chain -> Full Attack Chain -> Full Attack Chain -> Full Attack Chain -> Full Attack Chain,6(464c1):Full Attack Chain -> 7(6486f):Full Attack Chain -> 8(0bb1e):Full Attack Chain -> 9(2e87b):Full Attack Chain -> 10(0a26f):Full Attack Chain
simpleMalware1,<module>@attack.py_slice.py,1,f8ec2,Undetermined,2,d320b,0,3,2,2;3,d320b;cee65,Undetermined -> Full Attack Chain -> Full Attack Chain,1(f8ec2):Undetermined -> 2(d320b):Full Attack Chain -> 3(cee65):Full Attack Chain
telegram_stealer,<module>@source_main.py_slice.py,0,43aad,Core Attack Chain,1,18b08,0,2,1,1,18b08,Core Attack Chain -> Full Attack Chain,0(43aad):Core Attack Chain -> 1(18b08):Full Attack Chain
virus,<module>@virus.py_slice.py,0,6b4dd,Benign,2,4c2c9,0,7,5,2;3;4;5;6,4c2c9;a9fa3;41627;3926d;336b5,Benign -> Benign -> Full Attack Chain -> Full Attack Chain -> Full Attack Chain -> Full Attack Chain -> Full Attack Chain,0(6b4dd):Benign -> 1(b3c2e):Benign -> 2(4c2c9):Full Attack Chain -> 3(a9fa3):Full Attack Chain -> 4(41627):Full Attack Chain -> 5(3926d):Full Attack Chain -> 6(336b5):Full Attack Chain
virus-chan,<module>@Viirused.py_slice.py,0,6fa9a,Undetermined,2,79176,0,5,3,2;3;4,79176;dd198;8d638,Undetermined -> Undetermined -> Full Attack Chain -> Full Attack Chain -> Full Attack Chain,0(6fa9a):Undetermined -> 1(42631):Undetermined -> 2(79176):Full Attack Chain -> 3(dd198):Full Attack Chain -> 4(8d638):Full Attack Chain
virus-replicator,<module>@main.py_slice.py,1,541e5,Core Attack Chain,10,38ecc,0,11,2,10;11,38ecc;668bb,Core Attack Chain -> Core Attack Chain -> Core Attack Chain -> Core Attack Chain -> Core Attack Chain -> Core Attack Chain -> Core Attack Chain -> Core Attack Chain -> Core Attack Chain -> Full Attack Chain -> Full Attack Chain,1(541e5):Core Attack Chain -> 2(31a52):Core Attack Chain -> 3(f9d3f):Core Attack Chain -> 4(18773):Core Attack Chain -> 5(acf95):Core Attack Chain -> 6(26c97):Core Attack Chain -> 7(01519):Core Attack Chain -> 8(4dbd7):Core Attack Chain -> 9(739a0):Core Attack Chain -> 10(38ecc):Full Attack Chain -> 11(668bb):Full Attack Chain
virus.py,<module>@main.py_slice.py,1,52fb1,Full Attack Chain,1,52fb1,1,10,9,1;3;4;5;6;7;8;9;10,52fb1;f97d4;81900;a2151;1c8b3;6c1a3;44e31;8843d;967ec,Full Attack Chain -> Full Attack Chain -> Full Attack Chain -> Full Attack Chain -> Full Attack Chain -> Full Attack Chain -> Full Attack Chain -> Full Attack Chain -> Full Attack Chain -> Core Attack Chain,1(52fb1):Full Attack Chain -> 3(f97d4):Full Attack Chain -> 4(81900):Full Attack Chain -> 5(a2151):Full Attack Chain -> 6(1c8b3):Full Attack Chain -> 7(6c1a3):Full Attack Chain -> 8(44e31):Full Attack Chain -> 9(8843d):Full Attack Chain -> 10(967ec):Full Attack Chain -> 11(81ce9):Core Attack Chain
virus1,<module>@virus.py_slice.py,0,0581b,Core Attack Chain,3,ad298,0,5,2,3;4,ad298;a166f,Core Attack Chain -> Core Attack Chain -> Core Attack Chain -> Full Attack Chain -> Full Attack Chain,0(0581b):Core Attack Chain -> 1(981f2):Core Attack Chain -> 2(9aa98):Core Attack Chain -> 3(ad298):Full Attack Chain -> 4(a166f):Full Attack Chain
virus2,<body>@virus.py_slice.py,1,42c92,Core Attack Chain,2,221a4,0,4,3,2;3;4,221a4;e4abd;3423c,Core Attack Chain -> Full Attack Chain -> Full Attack Chain -> Full Attack Chain,1(42c92):Core Attack Chain -> 2(221a4):Full Attack Chain -> 3(e4abd):Full Attack Chain -> 4(3423c):Full Attack Chain
wanna-smile,<module>@bin_wanna-smile.py_slice.py,8,1d361,Full Attack Chain,8,1d361,1,4,4,8;10;12;13,1d361;3355f;a3479;0ccc5,Full Attack Chain -> Full Attack Chain -> Full Attack Chain -> Full Attack Chain,8(1d361):Full Attack Chain -> 10(3355f):Full Attack Chain -> 12(a3479):Full Attack Chain -> 13(0ccc5):Full Attack Chain
wanna-smile,<module>@main.py_slice.py,0,b7497,Full Attack Chain,0,b7497,1,4,4,0;2;3;5,b7497;b8055;822b7;11ee6,Full Attack Chain -> Full Attack Chain -> Full Attack Chain -> Full Attack Chain,0(b7497):Full Attack Chain -> 2(b8055):Full Attack Chain -> 3(822b7):Full Attack Chain -> 5(11ee6):Full Attack Chain
wanna-smile,<module>@old_wanna-smile.py_slice.py,11,dfb17,Full Attack Chain,11,dfb17,1,1,1,11,dfb17,Full Attack Chain,11(dfb17):Full Attack Chain
wanna-smile,<module>@wanna-smile.py_slice.py,7,4d56b,Full Attack Chain,7,4d56b,1,1,1,7,4d56b,Full Attack Chain,7(4d56b):Full Attack Chain
winrar-SFX-0day-exploiter,<module>@winrarxexe.py_slice.py,2,4fd3c,Full Attack Chain,2,4fd3c,1,1,1,2,4fd3c,Full Attack Chain,2(4fd3c):Full Attack Chain
