repo_name,commit_num,commit,prev_true_snapshot_label,true_snapshot_label,prev_pred_snapshot_label,pred_snapshot_label,true_snapshot_transition,pred_snapshot_transition,true_snapshot_malicious,pred_snapshot_malicious,new_slice_count,new_true_malicious_count,new_pred_malicious_count,candidate_true_same_malicious,candidate_pred_same_malicious,new_slice_details
Python-Rootkit,1,4a56f,Full Attack Chain,Full Attack Chain,Full Attack Chain,Full Attack Chain,Full Attack Chain->Full Attack Chain,Full Attack Chain->Full Attack Chain,1,1,0,0,0,1,1,
Python-Rootkit,2,d1655,Full Attack Chain,Full Attack Chain,Full Attack Chain,Full Attack Chain,Full Attack Chain->Full Attack Chain,Full Attack Chain->Full Attack Chain,1,1,1,1,1,1,1,NEW@<module>@source_downloadFile.py_slice.py|T:Core Attack Chain|P:Core Attack Chain
Python-Rootkit,3,49613,Full Attack Chain,Full Attack Chain,Full Attack Chain,Full Attack Chain,Full Attack Chain->Full Attack Chain,Full Attack Chain->Full Attack Chain,1,1,1,1,1,1,1,NEW@<module>@source_downloadFile.py_slice.py|T:Core Attack Chain|P:Core Attack Chain
Python-Rootkit,4,0d4ec,Full Attack Chain,Full Attack Chain,Full Attack Chain,Full Attack Chain,Full Attack Chain->Full Attack Chain,Full Attack Chain->Full Attack Chain,1,1,1,1,1,1,1,NEW@<module>@source_downloadFile.py_slice.py|T:Core Attack Chain|P:Core Attack Chain
Python-Rootkit,5,f9a5c,Full Attack Chain,Full Attack Chain,Full Attack Chain,Full Attack Chain,Full Attack Chain->Full Attack Chain,Full Attack Chain->Full Attack Chain,1,1,1,0,0,1,1,NEW@<module>@source_encodeSource.py_slice.py|T:Undetermined|P:Undetermined
Python-Rootkit,6,83d74,Full Attack Chain,Full Attack Chain,Full Attack Chain,Full Attack Chain,Full Attack Chain->Full Attack Chain,Full Attack Chain->Full Attack Chain,1,1,4,2,2,1,1,NEW@<module>@source_r0d_encodeSource.py_slice.py|T:Undetermined|P:Undetermined || NEW@<module>@source_r0d_source.py_slice.py|T:Full Attack Chain|P:Full Attack Chain || NEW@<module>@source_viRu5_encodeSource.py_slice.py|T:Undetermined|P:Undetermined || NEW@<module>@source_viRu5_source.py_slice.py|T:Full Attack Chain|P:Full Attack Chain
Python-Rootkit,7,4f617,Full Attack Chain,Full Attack Chain,Full Attack Chain,Full Attack Chain,Full Attack Chain->Full Attack Chain,Full Attack Chain->Full Attack Chain,1,1,2,1,1,1,1,NEW@<module>@source_h00k_encodeSource.py_slice.py|T:Undetermined|P:Undetermined || NEW@<module>@source_h00k_source.py_slice.py|T:Full Attack Chain|P:Full Attack Chain
Python-Rootkit,8,06c25,Full Attack Chain,Full Attack Chain,Full Attack Chain,Full Attack Chain,Full Attack Chain->Full Attack Chain,Full Attack Chain->Full Attack Chain,1,1,4,2,2,1,1,NEW@<module>@h00k_encodeSource.py_slice.py|T:Undetermined|P:Undetermined || NEW@<module>@h00k_source.py_slice.py|T:Full Attack Chain|P:Full Attack Chain || NEW@<module>@viRu5_encodeSource.py_slice.py|T:Undetermined|P:Undetermined || NEW@<module>@viRu5_source.py_slice.py|T:Full Attack Chain|P:Full Attack Chain
Python-Rootkit,9,a93e9,Full Attack Chain,Full Attack Chain,Full Attack Chain,Full Attack Chain,Full Attack Chain->Full Attack Chain,Full Attack Chain->Full Attack Chain,1,1,2,2,2,1,1,NEW@<module>@h00k_source.py_slice.py|T:Full Attack Chain|P:Full Attack Chain || NEW@<module>@viRu5_source.py_slice.py|T:Full Attack Chain|P:Full Attack Chain
Python-Rootkit,10,0c7c9,Full Attack Chain,Full Attack Chain,Full Attack Chain,Full Attack Chain,Full Attack Chain->Full Attack Chain,Full Attack Chain->Full Attack Chain,1,1,1,0,0,1,1,NEW@<module>@viRu5_encodeSource.py_slice.py|T:Undetermined|P:Undetermined
Python-Trojan,7,66103,Core Attack Chain,Core Attack Chain,Core Attack Chain,Core Attack Chain,Core Attack Chain->Core Attack Chain,Core Attack Chain->Core Attack Chain,1,1,0,0,0,1,1,
Python-Trojan,8,4707e,Core Attack Chain,Core Attack Chain,Core Attack Chain,Core Attack Chain,Core Attack Chain->Core Attack Chain,Core Attack Chain->Core Attack Chain,1,1,1,1,1,1,1,NEW@<module>@main.py_slice.py|T:Core Attack Chain|P:Core Attack Chain
Python-Trojan,9,a3b3f,Core Attack Chain,Core Attack Chain,Core Attack Chain,Core Attack Chain,Core Attack Chain->Core Attack Chain,Core Attack Chain->Core Attack Chain,1,1,2,2,2,1,1,NEW@<module>@main.py_slice.py|T:Core Attack Chain|P:Core Attack Chain || NEW@on_ready@main.py_slice.py|T:Core Attack Chain|P:Core Attack Chain
Python-Trojan,10,ef777,Core Attack Chain,Core Attack Chain,Core Attack Chain,Core Attack Chain,Core Attack Chain->Core Attack Chain,Core Attack Chain->Core Attack Chain,1,1,1,1,1,1,1,NEW@<module>@main.py_slice.py|T:Core Attack Chain|P:Core Attack Chain
Python-Trojan,11,ebfa5,Core Attack Chain,Core Attack Chain,Core Attack Chain,Core Attack Chain,Core Attack Chain->Core Attack Chain,Core Attack Chain->Core Attack Chain,1,1,1,1,1,1,1,NEW@<module>@main.py_slice.py|T:Core Attack Chain|P:Core Attack Chain
Python-Trojan,12,28e72,Core Attack Chain,Core Attack Chain,Core Attack Chain,Core Attack Chain,Core Attack Chain->Core Attack Chain,Core Attack Chain->Core Attack Chain,1,1,1,1,1,1,1,NEW@<module>@main.py_slice.py|T:Core Attack Chain|P:Core Attack Chain
Python-Trojan,13,27671,Core Attack Chain,Core Attack Chain,Core Attack Chain,Core Attack Chain,Core Attack Chain->Core Attack Chain,Core Attack Chain->Core Attack Chain,1,1,2,2,2,1,1,NEW@<module>@main.py_slice.py|T:Core Attack Chain|P:Core Attack Chain || NEW@on_message@main.py_slice.py|T:Core Attack Chain|P:Core Attack Chain
Python-Trojan,14,ca2be,Core Attack Chain,Core Attack Chain,Core Attack Chain,Core Attack Chain,Core Attack Chain->Core Attack Chain,Core Attack Chain->Core Attack Chain,1,1,2,2,2,1,1,NEW@<module>@main.py_slice.py|T:Core Attack Chain|P:Core Attack Chain || NEW@on_message@main.py_slice.py|T:Core Attack Chain|P:Core Attack Chain
Python-Trojan,17,1878b,Core Attack Chain,Core Attack Chain,Core Attack Chain,Core Attack Chain,Core Attack Chain->Core Attack Chain,Core Attack Chain->Core Attack Chain,1,1,3,3,3,1,1,NEW@<module>@main.py_slice.py|T:Core Attack Chain|P:Core Attack Chain || NEW@on_message@main.py_slice.py|T:Core Attack Chain|P:Core Attack Chain || NEW@on_ready@main.py_slice.py|T:Core Attack Chain|P:Core Attack Chain
Python-Trojan,19,114fa,Full Attack Chain,Full Attack Chain,Full Attack Chain,Full Attack Chain,Full Attack Chain->Full Attack Chain,Full Attack Chain->Full Attack Chain,1,1,0,0,0,1,1,
Python-Trojan,20,84747,Full Attack Chain,Full Attack Chain,Full Attack Chain,Full Attack Chain,Full Attack Chain->Full Attack Chain,Full Attack Chain->Full Attack Chain,1,1,3,3,3,1,1,NEW@<module>@main.py_slice.py|T:Full Attack Chain|P:Full Attack Chain || NEW@on_message@main.py_slice.py|T:Core Attack Chain|P:Core Attack Chain || NEW@on_ready@main.py_slice.py|T:Core Attack Chain|P:Core Attack Chain
Python-Trojan,21,2e587,Full Attack Chain,Full Attack Chain,Full Attack Chain,Full Attack Chain,Full Attack Chain->Full Attack Chain,Full Attack Chain->Full Attack Chain,1,1,2,2,2,1,1,NEW@<module>@main.py_slice.py|T:Full Attack Chain|P:Full Attack Chain || NEW@on_message@main.py_slice.py|T:Core Attack Chain|P:Core Attack Chain
Python-Trojan,22,8cc51,Full Attack Chain,Full Attack Chain,Full Attack Chain,Full Attack Chain,Full Attack Chain->Full Attack Chain,Full Attack Chain->Full Attack Chain,1,1,3,3,3,1,1,NEW@<module>@main.py_slice.py|T:Full Attack Chain|P:Full Attack Chain || NEW@on_message@main.py_slice.py|T:Core Attack Chain|P:Core Attack Chain || NEW@on_ready@main.py_slice.py|T:Core Attack Chain|P:Core Attack Chain
Python-Trojan,23,c7f9f,Full Attack Chain,Full Attack Chain,Full Attack Chain,Full Attack Chain,Full Attack Chain->Full Attack Chain,Full Attack Chain->Full Attack Chain,1,1,2,2,2,1,1,NEW@<module>@main.py_slice.py|T:Full Attack Chain|P:Full Attack Chain || NEW@on_message@main.py_slice.py|T:Core Attack Chain|P:Full Attack Chain
Python-Trojan,24,e88fa,Full Attack Chain,Full Attack Chain,Full Attack Chain,Full Attack Chain,Full Attack Chain->Full Attack Chain,Full Attack Chain->Full Attack Chain,1,1,2,2,2,1,1,NEW@<module>@main.py_slice.py|T:Full Attack Chain|P:Full Attack Chain || NEW@on_message@main.py_slice.py|T:Core Attack Chain|P:Core Attack Chain
Python-Trojan,25,3de6c,Full Attack Chain,Full Attack Chain,Full Attack Chain,Full Attack Chain,Full Attack Chain->Full Attack Chain,Full Attack Chain->Full Attack Chain,1,1,3,3,3,1,1,NEW@<module>@main.py_slice.py|T:Full Attack Chain|P:Full Attack Chain || NEW@on_message@main.py_slice.py|T:Core Attack Chain|P:Core Attack Chain || NEW@on_ready@main.py_slice.py|T:Core Attack Chain|P:Core Attack Chain
Python-Trojan,26,bad07,Full Attack Chain,Full Attack Chain,Full Attack Chain,Full Attack Chain,Full Attack Chain->Full Attack Chain,Full Attack Chain->Full Attack Chain,1,1,3,3,3,1,1,NEW@<module>@main.py_slice.py|T:Full Attack Chain|P:Full Attack Chain || NEW@on_message@main.py_slice.py|T:Core Attack Chain|P:Full Attack Chain || NEW@on_ready@main.py_slice.py|T:Core Attack Chain|P:Core Attack Chain
Python-Trojan,27,c7a42,Full Attack Chain,Full Attack Chain,Full Attack Chain,Full Attack Chain,Full Attack Chain->Full Attack Chain,Full Attack Chain->Full Attack Chain,1,1,0,0,0,1,1,
Python-Trojan,28,dbdf0,Full Attack Chain,Full Attack Chain,Full Attack Chain,Full Attack Chain,Full Attack Chain->Full Attack Chain,Full Attack Chain->Full Attack Chain,1,1,2,2,2,1,1,NEW@<module>@main.py_slice.py|T:Full Attack Chain|P:Full Attack Chain || NEW@on_message@main.py_slice.py|T:Core Attack Chain|P:Core Attack Chain
Python-Trojan,29,0c466,Full Attack Chain,Full Attack Chain,Full Attack Chain,Full Attack Chain,Full Attack Chain->Full Attack Chain,Full Attack Chain->Full Attack Chain,1,1,3,3,3,1,1,NEW@<module>@main.py_slice.py|T:Full Attack Chain|P:Full Attack Chain || NEW@on_message@main.py_slice.py|T:Core Attack Chain|P:Full Attack Chain || NEW@on_ready@main.py_slice.py|T:Core Attack Chain|P:Core Attack Chain
Python-Trojan,30,cae75,Full Attack Chain,Full Attack Chain,Full Attack Chain,Full Attack Chain,Full Attack Chain->Full Attack Chain,Full Attack Chain->Full Attack Chain,1,1,3,3,3,1,1,NEW@<module>@main.py_slice.py|T:Full Attack Chain|P:Full Attack Chain || NEW@on_message@main.py_slice.py|T:Core Attack Chain|P:Full Attack Chain || NEW@on_ready@main.py_slice.py|T:Core Attack Chain|P:Core Attack Chain
Python-Trojan,31,5e20f,Full Attack Chain,Full Attack Chain,Full Attack Chain,Full Attack Chain,Full Attack Chain->Full Attack Chain,Full Attack Chain->Full Attack Chain,1,1,1,1,1,1,1,NEW@<module>@main.py_slice.py|T:Full Attack Chain|P:Full Attack Chain
Python-Trojan,32,a8447,Full Attack Chain,Full Attack Chain,Full Attack Chain,Full Attack Chain,Full Attack Chain->Full Attack Chain,Full Attack Chain->Full Attack Chain,1,1,2,2,2,1,1,NEW@<module>@main.py_slice.py|T:Full Attack Chain|P:Full Attack Chain || NEW@on_message@main.py_slice.py|T:Core Attack Chain|P:Core Attack Chain
Python-Trojan,33,d257a,Full Attack Chain,Full Attack Chain,Full Attack Chain,Full Attack Chain,Full Attack Chain->Full Attack Chain,Full Attack Chain->Full Attack Chain,1,1,2,2,2,1,1,NEW@<module>@main.py_slice.py|T:Full Attack Chain|P:Full Attack Chain || NEW@on_message@main.py_slice.py|T:Core Attack Chain|P:Core Attack Chain
Python-Trojan,34,ebc01,Full Attack Chain,Full Attack Chain,Full Attack Chain,Full Attack Chain,Full Attack Chain->Full Attack Chain,Full Attack Chain->Full Attack Chain,1,1,3,3,3,1,1,NEW@<module>@main.py_slice.py|T:Full Attack Chain|P:Full Attack Chain || NEW@on_message@main.py_slice.py|T:Core Attack Chain|P:Core Attack Chain || NEW@on_ready@main.py_slice.py|T:Core Attack Chain|P:Core Attack Chain
Python-Trojan,35,9ebad,Full Attack Chain,Full Attack Chain,Full Attack Chain,Full Attack Chain,Full Attack Chain->Full Attack Chain,Full Attack Chain->Full Attack Chain,1,1,3,3,3,1,1,NEW@<module>@main.py_slice.py|T:Full Attack Chain|P:Full Attack Chain || NEW@on_message@main.py_slice.py|T:Core Attack Chain|P:Core Attack Chain || NEW@on_ready@main.py_slice.py|T:Core Attack Chain|P:Core Attack Chain
Python-Trojan,36,c5c00,Full Attack Chain,Full Attack Chain,Full Attack Chain,Full Attack Chain,Full Attack Chain->Full Attack Chain,Full Attack Chain->Full Attack Chain,1,1,0,0,0,1,1,
Python-Trojan,37,4ff7f,Full Attack Chain,Full Attack Chain,Full Attack Chain,Full Attack Chain,Full Attack Chain->Full Attack Chain,Full Attack Chain->Full Attack Chain,1,1,0,0,0,1,1,
Python-Trojan,38,6ec89,Full Attack Chain,Full Attack Chain,Full Attack Chain,Full Attack Chain,Full Attack Chain->Full Attack Chain,Full Attack Chain->Full Attack Chain,1,1,3,3,3,1,1,NEW@<module>@main.py_slice.py|T:Full Attack Chain|P:Full Attack Chain || NEW@on_message@main.py_slice.py|T:Core Attack Chain|P:Core Attack Chain || NEW@on_ready@main.py_slice.py|T:Core Attack Chain|P:Core Attack Chain
Python-Trojan,39,b5094,Full Attack Chain,Full Attack Chain,Full Attack Chain,Full Attack Chain,Full Attack Chain->Full Attack Chain,Full Attack Chain->Full Attack Chain,1,1,2,2,2,1,1,NEW@<module>@main.py_slice.py|T:Full Attack Chain|P:Full Attack Chain || NEW@on_message@main.py_slice.py|T:Core Attack Chain|P:Core Attack Chain
Python-Trojan,40,cfc93,Full Attack Chain,Full Attack Chain,Full Attack Chain,Full Attack Chain,Full Attack Chain->Full Attack Chain,Full Attack Chain->Full Attack Chain,1,1,3,3,3,1,1,NEW@<module>@main.py_slice.py|T:Full Attack Chain|P:Full Attack Chain || NEW@on_message@main.py_slice.py|T:Core Attack Chain|P:Full Attack Chain || NEW@on_ready@main.py_slice.py|T:Core Attack Chain|P:Core Attack Chain
Python-Trojan,41,9f8d6,Full Attack Chain,Full Attack Chain,Full Attack Chain,Core Attack Chain,Full Attack Chain->Full Attack Chain,Full Attack Chain->Core Attack Chain,1,1,3,3,3,1,0,NEW@<module>@main.py_slice.py|T:Full Attack Chain|P:Core Attack Chain || NEW@on_message@main.py_slice.py|T:Core Attack Chain|P:Core Attack Chain || NEW@on_ready@main.py_slice.py|T:Core Attack Chain|P:Core Attack Chain
Python-Trojan,42,3dc3b,Full Attack Chain,Full Attack Chain,Core Attack Chain,Full Attack Chain,Full Attack Chain->Full Attack Chain,Core Attack Chain->Full Attack Chain,1,1,3,3,3,1,0,NEW@<module>@main.py_slice.py|T:Full Attack Chain|P:Core Attack Chain || NEW@on_message@main.py_slice.py|T:Core Attack Chain|P:Full Attack Chain || NEW@on_ready@main.py_slice.py|T:Core Attack Chain|P:Core Attack Chain
PythonMalware_1/PythonMalware,1,3dd9f,Full Attack Chain,Full Attack Chain,Full Attack Chain,Full Attack Chain,Full Attack Chain->Full Attack Chain,Full Attack Chain->Full Attack Chain,1,1,1,0,0,1,1,NEW@<fakeNew>@mainMenu.py_slice.py|T:Undetermined|P:Undetermined
PythonMalware_1/PythonMalware,2,4f24c,Full Attack Chain,Full Attack Chain,Full Attack Chain,Full Attack Chain,Full Attack Chain->Full Attack Chain,Full Attack Chain->Full Attack Chain,1,1,1,1,1,1,1,NEW@<module>@malwarecontrol.py_slice.py|T:Full Attack Chain|P:Full Attack Chain
PythonMalware_1/PythonMalware,3,d37f7,Full Attack Chain,Full Attack Chain,Full Attack Chain,Full Attack Chain,Full Attack Chain->Full Attack Chain,Full Attack Chain->Full Attack Chain,1,1,1,1,1,1,1,NEW@<body>@malwareclient.py_slice.py|T:Full Attack Chain|P:Full Attack Chain
PythonMalware_1/PythonMalware,4,1a793,Full Attack Chain,Full Attack Chain,Full Attack Chain,Full Attack Chain,Full Attack Chain->Full Attack Chain,Full Attack Chain->Full Attack Chain,1,1,1,0,0,1,1,NEW@<module>@packing_launcher.py_slice.py|T:Undetermined|P:Undetermined
PythonMalware_1/PythonMalware,5,19982,Full Attack Chain,Full Attack Chain,Full Attack Chain,Full Attack Chain,Full Attack Chain->Full Attack Chain,Full Attack Chain->Full Attack Chain,1,1,0,0,0,1,1,
PythonMalware_1/PythonMalware,6,82162,Full Attack Chain,Full Attack Chain,Full Attack Chain,Full Attack Chain,Full Attack Chain->Full Attack Chain,Full Attack Chain->Full Attack Chain,1,1,1,1,1,1,1,NEW@<module>@b2.py_slice.py|T:Core Attack Chain|P:Core Attack Chain
PythonReverseShellBasic,4,9c290,Core Attack Chain,Core Attack Chain,Core Attack Chain,Core Attack Chain,Core Attack Chain->Core Attack Chain,Core Attack Chain->Core Attack Chain,1,1,1,1,1,1,1,NEW@<module>@ReverseShell_client.py_slice.py|T:Core Attack Chain|P:Core Attack Chain
PythonReverseShellBasic,6,5fe8a,Full Attack Chain,Full Attack Chain,Full Attack Chain,Full Attack Chain,Full Attack Chain->Full Attack Chain,Full Attack Chain->Full Attack Chain,1,1,1,1,1,1,1,NEW@<module>@ReverseShell_client.py_slice.py|T:Full Attack Chain|P:Full Attack Chain
PythonVirusExamples,2,7c4ab,Full Attack Chain,Full Attack Chain,Full Attack Chain,Full Attack Chain,Full Attack Chain->Full Attack Chain,Full Attack Chain->Full Attack Chain,1,1,1,1,1,1,1,NEW@<module>@ChromeLogger.py_slice.py|T:Full Attack Chain|P:Full Attack Chain
ScaryMalware,2,702da,Core Attack Chain,Core Attack Chain,Core Attack Chain,Core Attack Chain,Core Attack Chain->Core Attack Chain,Core Attack Chain->Core Attack Chain,1,1,1,1,1,1,1,NEW@<module>@malware.py_slice.py|T:Core Attack Chain|P:Core Attack Chain
ScaryMalware,4,e22de,Full Attack Chain,Full Attack Chain,Full Attack Chain,Core Attack Chain,Full Attack Chain->Full Attack Chain,Full Attack Chain->Core Attack Chain,1,1,1,1,1,1,0,NEW@<module>@malware.py_slice.py|T:Full Attack Chain|P:Core Attack Chain
ScaryMalware,5,c5ff7,Full Attack Chain,Full Attack Chain,Core Attack Chain,Core Attack Chain,Full Attack Chain->Full Attack Chain,Core Attack Chain->Core Attack Chain,1,1,1,1,1,1,1,NEW@<module>@malware.py_slice.py|T:Full Attack Chain|P:Core Attack Chain
ScaryMalware,6,2e6cf,Full Attack Chain,Full Attack Chain,Core Attack Chain,Full Attack Chain,Full Attack Chain->Full Attack Chain,Core Attack Chain->Full Attack Chain,1,1,1,1,1,1,0,NEW@<module>@malware.py_slice.py|T:Full Attack Chain|P:Full Attack Chain
ScaryMalware,7,2c725,Full Attack Chain,Full Attack Chain,Full Attack Chain,Full Attack Chain,Full Attack Chain->Full Attack Chain,Full Attack Chain->Full Attack Chain,1,1,0,0,0,1,1,
ScaryMalware,8,3b2cc,Full Attack Chain,Full Attack Chain,Full Attack Chain,Core Attack Chain,Full Attack Chain->Full Attack Chain,Full Attack Chain->Core Attack Chain,1,1,1,1,1,1,0,NEW@<module>@malware.py_slice.py|T:Full Attack Chain|P:Core Attack Chain
ScaryMalware,9,06075,Full Attack Chain,Full Attack Chain,Core Attack Chain,Full Attack Chain,Full Attack Chain->Full Attack Chain,Core Attack Chain->Full Attack Chain,1,1,1,1,1,1,0,NEW@<module>@malware.py_slice.py|T:Full Attack Chain|P:Full Attack Chain
ScaryMalware,10,36f13,Full Attack Chain,Full Attack Chain,Full Attack Chain,Full Attack Chain,Full Attack Chain->Full Attack Chain,Full Attack Chain->Full Attack Chain,1,1,1,1,1,1,1,NEW@<module>@malware.py_slice.py|T:Full Attack Chain|P:Full Attack Chain
Spyware,1,84840,Core Attack Chain,Core Attack Chain,Core Attack Chain,Core Attack Chain,Core Attack Chain->Core Attack Chain,Core Attack Chain->Core Attack Chain,1,1,5,5,5,1,1,NEW@<body>@WindowTracker.py_slice.py|T:Core Attack Chain|P:Core Attack Chain || NEW@<body>@keylogger.py_slice.py|T:Core Attack Chain|P:Core Attack Chain || NEW@<module>@WindowTracker.py_slice.py|T:Core Attack Chain|P:Core Attack Chain || NEW@<module>@keylogger.py_slice.py|T:Core Attack Chain|P:Core Attack Chain || NEW@<module>@main.py_slice.py|T:Core Attack Chain|P:Core Attack Chain
Spyware,2,7952d,Core Attack Chain,Core Attack Chain,Core Attack Chain,Core Attack Chain,Core Attack Chain->Core Attack Chain,Core Attack Chain->Core Attack Chain,1,1,6,5,5,1,1,NEW@<body>@FileHandler.py_slice.py|T:Benign|P:Benign || NEW@<body>@WindowTracker.py_slice.py|T:Core Attack Chain|P:Core Attack Chain || NEW@<body>@keylogger.py_slice.py|T:Core Attack Chain|P:Core Attack Chain || NEW@<module>@WindowTracker.py_slice.py|T:Core Attack Chain|P:Core Attack Chain || NEW@<module>@keylogger.py_slice.py|T:Core Attack Chain|P:Core Attack Chain || NEW@<module>@main.py_slice.py|T:Core Attack Chain|P:Core Attack Chain
Spyware,3,53c4a,Core Attack Chain,Core Attack Chain,Core Attack Chain,Core Attack Chain,Core Attack Chain->Core Attack Chain,Core Attack Chain->Core Attack Chain,1,1,5,3,3,1,1,NEW@<body>@Screenshot.py_slice.py|T:Undetermined|P:Undetermined || NEW@<body>@WindowTracker.py_slice.py|T:Core Attack Chain|P:Core Attack Chain || NEW@<module>@Screenshot.py_slice.py|T:Undetermined|P:Undetermined || NEW@<module>@WindowTracker.py_slice.py|T:Core Attack Chain|P:Core Attack Chain || NEW@<module>@main.py_slice.py|T:Core Attack Chain|P:Core Attack Chain
Spyware,4,289d2,Core Attack Chain,Core Attack Chain,Core Attack Chain,Core Attack Chain,Core Attack Chain->Core Attack Chain,Core Attack Chain->Core Attack Chain,1,1,3,3,3,1,1,NEW@<body>@WindowTracker.py_slice.py|T:Core Attack Chain|P:Core Attack Chain || NEW@<module>@WindowTracker.py_slice.py|T:Core Attack Chain|P:Core Attack Chain || NEW@<module>@main.py_slice.py|T:Core Attack Chain|P:Core Attack Chain
Spyware,5,d5db4,Core Attack Chain,Core Attack Chain,Core Attack Chain,Core Attack Chain,Core Attack Chain->Core Attack Chain,Core Attack Chain->Core Attack Chain,1,1,10,7,7,1,1,NEW@<body>@FileHandler.py_slice.py|T:Undetermined|P:Undetermined || NEW@<body>@Malware.py_slice.py|T:Core Attack Chain|P:Core Attack Chain || NEW@<body>@Screenshot.py_slice.py|T:Core Attack Chain|P:Core Attack Chain || NEW@<body>@WindowTracker.py_slice.py|T:Core Attack Chain|P:Core Attack Chain || NEW@<body>@keylogger.py_slice.py|T:Core Attack Chain|P:Core Attack Chain || NEW@<module>@Malware.py_slice.py|T:Core Attack Chain|P:Core Attack Chain || NEW@<module>@Screenshot.py_slice.py|T:Undetermined|P:Undetermined || NEW@<module>@WindowTracker.py_slice.py|T:Core Attack Chain|P:Core Attack Chain || NEW@<module>@command_test.py_slice.py|T:Undetermined|P:Undetermined || NEW@<module>@keylogger.py_slice.py|T:Core Attack Chain|P:Core Attack Chain
Spyware,6,21e7f,Core Attack Chain,Core Attack Chain,Core Attack Chain,Core Attack Chain,Core Attack Chain->Core Attack Chain,Core Attack Chain->Core Attack Chain,1,1,5,5,5,1,1,NEW@<body>@Configuration.py_slice.py|T:Core Attack Chain|P:Core Attack Chain || NEW@<body>@Malware.py_slice.py|T:Core Attack Chain|P:Core Attack Chain || NEW@<body>@WindowTracker.py_slice.py|T:Core Attack Chain|P:Core Attack Chain || NEW@<body>@keylogger.py_slice.py|T:Core Attack Chain|P:Core Attack Chain || NEW@<module>@Malware.py_slice.py|T:Core Attack Chain|P:Core Attack Chain
Spyware,7,47253,Core Attack Chain,Core Attack Chain,Core Attack Chain,Core Attack Chain,Core Attack Chain->Core Attack Chain,Core Attack Chain->Core Attack Chain,1,1,5,4,4,1,1,NEW@<body>@Malware.py_slice.py|T:Core Attack Chain|P:Core Attack Chain || NEW@<body>@WindowTracker.py_slice.py|T:Core Attack Chain|P:Core Attack Chain || NEW@<body>@keylogger.py_slice.py|T:Core Attack Chain|P:Core Attack Chain || NEW@<module>@FileHandler.py_slice.py|T:Undetermined|P:Undetermined || NEW@<module>@Malware.py_slice.py|T:Core Attack Chain|P:Core Attack Chain
Spyware,8,3bac0,Core Attack Chain,Core Attack Chain,Core Attack Chain,Core Attack Chain,Core Attack Chain->Core Attack Chain,Core Attack Chain->Core Attack Chain,1,1,0,0,0,1,1,
Spyware,9,401eb,Core Attack Chain,Core Attack Chain,Core Attack Chain,Core Attack Chain,Core Attack Chain->Core Attack Chain,Core Attack Chain->Core Attack Chain,1,1,5,4,4,1,1,NEW@<body>@Malware.py_slice.py|T:Core Attack Chain|P:Core Attack Chain || NEW@<body>@WindowTracker.py_slice.py|T:Core Attack Chain|P:Core Attack Chain || NEW@<body>@keylogger.py_slice.py|T:Core Attack Chain|P:Core Attack Chain || NEW@<module>@Malware.py_slice.py|T:Core Attack Chain|P:Core Attack Chain || NEW@executeShellCommand@Util.py_slice.py|T:Undetermined|P:Undetermined
Spyware,10,132bd,Core Attack Chain,Core Attack Chain,Core Attack Chain,Core Attack Chain,Core Attack Chain->Core Attack Chain,Core Attack Chain->Core Attack Chain,1,1,7,5,5,1,1,NEW@<body>@Configuration.py_slice.py|T:Core Attack Chain|P:Core Attack Chain || NEW@<body>@Malware.py_slice.py|T:Core Attack Chain|P:Core Attack Chain || NEW@<body>@WindowTracker.py_slice.py|T:Core Attack Chain|P:Core Attack Chain || NEW@<body>@keylogger.py_slice.py|T:Core Attack Chain|P:Core Attack Chain || NEW@<module>@Malware.py_slice.py|T:Core Attack Chain|P:Core Attack Chain || NEW@<module>@json_test.py_slice.py|T:Benign|P:Benign || NEW@executeShellCommand@Util.py_slice.py|T:Undetermined|P:Undetermined
Spyware,11,e9d43,Core Attack Chain,Core Attack Chain,Core Attack Chain,Core Attack Chain,Core Attack Chain->Core Attack Chain,Core Attack Chain->Core Attack Chain,1,1,8,6,6,1,1,NEW@<body>@Communication.py_slice.py|T:Undetermined|P:Undetermined || NEW@<body>@Configuration.py_slice.py|T:Core Attack Chain|P:Core Attack Chain || NEW@<body>@Malware.py_slice.py|T:Core Attack Chain|P:Core Attack Chain || NEW@<body>@WindowTracker.py_slice.py|T:Core Attack Chain|P:Core Attack Chain || NEW@<body>@keylogger.py_slice.py|T:Core Attack Chain|P:Core Attack Chain || NEW@<module>@Communication.py_slice.py|T:Core Attack Chain|P:Core Attack Chain || NEW@<module>@Malware.py_slice.py|T:Core Attack Chain|P:Core Attack Chain || NEW@executeShellCommand@Util.py_slice.py|T:Undetermined|P:Undetermined
Spyware,12,c1f3c,Core Attack Chain,Core Attack Chain,Core Attack Chain,Core Attack Chain,Core Attack Chain->Core Attack Chain,Core Attack Chain->Core Attack Chain,1,1,7,6,6,1,1,NEW@<body>@Communication.py_slice.py|T:Undetermined|P:Undetermined || NEW@<body>@Configuration.py_slice.py|T:Core Attack Chain|P:Core Attack Chain || NEW@<body>@Malware.py_slice.py|T:Core Attack Chain|P:Core Attack Chain || NEW@<body>@WindowTracker.py_slice.py|T:Core Attack Chain|P:Core Attack Chain || NEW@<body>@keylogger.py_slice.py|T:Core Attack Chain|P:Core Attack Chain || NEW@<module>@Communication.py_slice.py|T:Core Attack Chain|P:Core Attack Chain || NEW@<module>@Malware.py_slice.py|T:Core Attack Chain|P:Core Attack Chain
Spyware,13,ba54c,Core Attack Chain,Core Attack Chain,Core Attack Chain,Core Attack Chain,Core Attack Chain->Core Attack Chain,Core Attack Chain->Core Attack Chain,1,1,1,0,0,1,1,NEW@<body>@Communication.py_slice.py|T:Undetermined|P:Undetermined
Spyware,14,63413,Core Attack Chain,Core Attack Chain,Core Attack Chain,Core Attack Chain,Core Attack Chain->Core Attack Chain,Core Attack Chain->Core Attack Chain,1,1,4,3,3,1,1,NEW@<body>@Configuration.py_slice.py|T:Core Attack Chain|P:Core Attack Chain || NEW@<body>@Malware.py_slice.py|T:Core Attack Chain|P:Core Attack Chain || NEW@<module>@Communication.py_slice.py|T:Undetermined|P:Undetermined || NEW@<module>@Malware.py_slice.py|T:Core Attack Chain|P:Core Attack Chain
Spyware,15,4ff70,Core Attack Chain,Core Attack Chain,Core Attack Chain,Core Attack Chain,Core Attack Chain->Core Attack Chain,Core Attack Chain->Core Attack Chain,1,1,9,7,7,1,1,NEW@<body>@Communication.py_slice.py|T:Undetermined|P:Undetermined || NEW@<body>@Configuration.py_slice.py|T:Core Attack Chain|P:Core Attack Chain || NEW@<body>@Malware.py_slice.py|T:Core Attack Chain|P:Core Attack Chain || NEW@<body>@WindowTracker.py_slice.py|T:Core Attack Chain|P:Core Attack Chain || NEW@<body>@keylogger.py_slice.py|T:Core Attack Chain|P:Core Attack Chain || NEW@<module>@Communication.py_slice.py|T:Core Attack Chain|P:Core Attack Chain || NEW@<module>@Configuration.py_slice.py|T:Core Attack Chain|P:Core Attack Chain || NEW@<module>@Malware.py_slice.py|T:Core Attack Chain|P:Core Attack Chain || NEW@executeShellCommand@Util.py_slice.py|T:Undetermined|P:Undetermined
Spyware,16,1d8cd,Core Attack Chain,Core Attack Chain,Core Attack Chain,Core Attack Chain,Core Attack Chain->Core Attack Chain,Core Attack Chain->Core Attack Chain,1,1,5,5,5,1,1,NEW@<body>@Configuration.py_slice.py|T:Core Attack Chain|P:Core Attack Chain || NEW@<body>@Malware.py_slice.py|T:Core Attack Chain|P:Core Attack Chain || NEW@<module>@Communication.py_slice.py|T:Core Attack Chain|P:Core Attack Chain || NEW@<module>@Configuration.py_slice.py|T:Core Attack Chain|P:Core Attack Chain || NEW@<module>@Malware.py_slice.py|T:Core Attack Chain|P:Core Attack Chain
Spyware,17,7c2d0,Core Attack Chain,Core Attack Chain,Core Attack Chain,Core Attack Chain,Core Attack Chain->Core Attack Chain,Core Attack Chain->Core Attack Chain,1,1,5,5,5,1,1,NEW@<body>@Configuration.py_slice.py|T:Core Attack Chain|P:Core Attack Chain || NEW@<body>@Malware.py_slice.py|T:Core Attack Chain|P:Core Attack Chain || NEW@<module>@Communication.py_slice.py|T:Core Attack Chain|P:Core Attack Chain || NEW@<module>@Configuration.py_slice.py|T:Core Attack Chain|P:Core Attack Chain || NEW@<module>@Malware.py_slice.py|T:Core Attack Chain|P:Core Attack Chain
Spyware,18,34e7a,Core Attack Chain,Core Attack Chain,Core Attack Chain,Core Attack Chain,Core Attack Chain->Core Attack Chain,Core Attack Chain->Core Attack Chain,1,1,3,3,3,1,1,NEW@<body>@Malware.py_slice.py|T:Core Attack Chain|P:Core Attack Chain || NEW@<body>@keylogger.py_slice.py|T:Core Attack Chain|P:Core Attack Chain || NEW@<module>@Malware.py_slice.py|T:Core Attack Chain|P:Core Attack Chain
Spyware,19,ce1f8,Core Attack Chain,Core Attack Chain,Core Attack Chain,Core Attack Chain,Core Attack Chain->Core Attack Chain,Core Attack Chain->Core Attack Chain,1,1,1,1,1,1,1,NEW@<body>@keylogger.py_slice.py|T:Core Attack Chain|P:Core Attack Chain
Spyware,20,46db8,Core Attack Chain,Core Attack Chain,Core Attack Chain,Core Attack Chain,Core Attack Chain->Core Attack Chain,Core Attack Chain->Core Attack Chain,1,1,1,1,1,1,1,NEW@<body>@keylogger.py_slice.py|T:Core Attack Chain|P:Core Attack Chain
Spyware,21,30e5c,Core Attack Chain,Core Attack Chain,Core Attack Chain,Core Attack Chain,Core Attack Chain->Core Attack Chain,Core Attack Chain->Core Attack Chain,1,1,1,1,1,1,1,NEW@<body>@keylogger.py_slice.py|T:Core Attack Chain|P:Core Attack Chain
Spyware,22,3700c,Core Attack Chain,Core Attack Chain,Core Attack Chain,Core Attack Chain,Core Attack Chain->Core Attack Chain,Core Attack Chain->Core Attack Chain,1,1,1,1,1,1,1,NEW@<body>@keylogger.py_slice.py|T:Core Attack Chain|P:Core Attack Chain
Spyware,23,5f55f,Core Attack Chain,Core Attack Chain,Core Attack Chain,Core Attack Chain,Core Attack Chain->Core Attack Chain,Core Attack Chain->Core Attack Chain,1,1,3,3,3,1,1,NEW@<body>@Malware.py_slice.py|T:Core Attack Chain|P:Core Attack Chain || NEW@<body>@WindowTracker.py_slice.py|T:Core Attack Chain|P:Core Attack Chain || NEW@<module>@Malware.py_slice.py|T:Core Attack Chain|P:Core Attack Chain
Spyware,24,93974,Core Attack Chain,Core Attack Chain,Core Attack Chain,Core Attack Chain,Core Attack Chain->Core Attack Chain,Core Attack Chain->Core Attack Chain,1,1,1,1,1,1,1,NEW@<body>@keylogger.py_slice.py|T:Core Attack Chain|P:Core Attack Chain
Spyware,25,3b7d3,Core Attack Chain,Core Attack Chain,Core Attack Chain,Core Attack Chain,Core Attack Chain->Core Attack Chain,Core Attack Chain->Core Attack Chain,1,1,6,6,6,1,1,NEW@<body>@Communication.py_slice.py|T:Core Attack Chain|P:Core Attack Chain || NEW@<body>@Malware.py_slice.py|T:Core Attack Chain|P:Core Attack Chain || NEW@<body>@WindowTracker.py_slice.py|T:Core Attack Chain|P:Core Attack Chain || NEW@<body>@keylogger.py_slice.py|T:Core Attack Chain|P:Core Attack Chain || NEW@<module>@Communication.py_slice.py|T:Core Attack Chain|P:Core Attack Chain || NEW@<module>@Malware.py_slice.py|T:Core Attack Chain|P:Core Attack Chain
Spyware,26,e91fb,Core Attack Chain,Core Attack Chain,Core Attack Chain,Core Attack Chain,Core Attack Chain->Core Attack Chain,Core Attack Chain->Core Attack Chain,1,1,5,5,5,1,1,NEW@<body>@Communication.py_slice.py|T:Core Attack Chain|P:Core Attack Chain || NEW@<body>@Malware.py_slice.py|T:Core Attack Chain|P:Core Attack Chain || NEW@<body>@WindowTracker.py_slice.py|T:Core Attack Chain|P:Core Attack Chain || NEW@<body>@keylogger.py_slice.py|T:Core Attack Chain|P:Core Attack Chain || NEW@<module>@Malware.py_slice.py|T:Core Attack Chain|P:Core Attack Chain
Spyware,27,2498b,Core Attack Chain,Core Attack Chain,Core Attack Chain,Core Attack Chain,Core Attack Chain->Core Attack Chain,Core Attack Chain->Core Attack Chain,1,1,8,8,8,1,1,NEW@<body>@Communication.py_slice.py|T:Core Attack Chain|P:Core Attack Chain || NEW@<body>@Configuration.py_slice.py|T:Core Attack Chain|P:Core Attack Chain || NEW@<body>@Malware.py_slice.py|T:Core Attack Chain|P:Core Attack Chain || NEW@<body>@WindowTracker.py_slice.py|T:Core Attack Chain|P:Core Attack Chain || NEW@<body>@keylogger.py_slice.py|T:Core Attack Chain|P:Core Attack Chain || NEW@<module>@Communication.py_slice.py|T:Core Attack Chain|P:Core Attack Chain || NEW@<module>@Configuration.py_slice.py|T:Core Attack Chain|P:Core Attack Chain || NEW@<module>@Malware.py_slice.py|T:Core Attack Chain|P:Core Attack Chain
Spyware,28,9edb2,Core Attack Chain,Core Attack Chain,Core Attack Chain,Core Attack Chain,Core Attack Chain->Core Attack Chain,Core Attack Chain->Core Attack Chain,1,1,2,2,2,1,1,NEW@<body>@Communication.py_slice.py|T:Core Attack Chain|P:Core Attack Chain || NEW@<body>@keylogger.py_slice.py|T:Core Attack Chain|P:Core Attack Chain
Spyware,29,8e66b,Core Attack Chain,Core Attack Chain,Core Attack Chain,Core Attack Chain,Core Attack Chain->Core Attack Chain,Core Attack Chain->Core Attack Chain,1,1,7,7,7,1,1,NEW@<body>@Communication.py_slice.py|T:Core Attack Chain|P:Core Attack Chain || NEW@<body>@Configuration.py_slice.py|T:Core Attack Chain|P:Core Attack Chain || NEW@<body>@Malware.py_slice.py|T:Core Attack Chain|P:Core Attack Chain || NEW@<body>@WindowTracker.py_slice.py|T:Core Attack Chain|P:Core Attack Chain || NEW@<body>@keylogger.py_slice.py|T:Core Attack Chain|P:Core Attack Chain || NEW@<module>@Configuration.py_slice.py|T:Core Attack Chain|P:Core Attack Chain || NEW@<module>@Malware.py_slice.py|T:Core Attack Chain|P:Core Attack Chain
Spyware,30,318c9,Core Attack Chain,Core Attack Chain,Core Attack Chain,Core Attack Chain,Core Attack Chain->Core Attack Chain,Core Attack Chain->Core Attack Chain,1,1,5,5,5,1,1,NEW@<body>@Communication.py_slice.py|T:Core Attack Chain|P:Core Attack Chain || NEW@<body>@Malware.py_slice.py|T:Core Attack Chain|P:Core Attack Chain || NEW@<body>@WindowTracker.py_slice.py|T:Core Attack Chain|P:Core Attack Chain || NEW@<body>@keylogger.py_slice.py|T:Core Attack Chain|P:Core Attack Chain || NEW@<module>@Malware.py_slice.py|T:Core Attack Chain|P:Core Attack Chain
Spyware,31,e87c6,Core Attack Chain,Core Attack Chain,Core Attack Chain,Core Attack Chain,Core Attack Chain->Core Attack Chain,Core Attack Chain->Core Attack Chain,1,1,5,5,5,1,1,NEW@<body>@Communication.py_slice.py|T:Core Attack Chain|P:Core Attack Chain || NEW@<body>@Malware.py_slice.py|T:Core Attack Chain|P:Core Attack Chain || NEW@<body>@WindowTracker.py_slice.py|T:Core Attack Chain|P:Core Attack Chain || NEW@<body>@keylogger.py_slice.py|T:Core Attack Chain|P:Core Attack Chain || NEW@<module>@Malware.py_slice.py|T:Core Attack Chain|P:Core Attack Chain
Spyware,32,e5c24,Core Attack Chain,Core Attack Chain,Core Attack Chain,Core Attack Chain,Core Attack Chain->Core Attack Chain,Core Attack Chain->Core Attack Chain,1,1,4,4,4,1,1,NEW@<body>@Configuration.py_slice.py|T:Core Attack Chain|P:Core Attack Chain || NEW@<body>@Malware.py_slice.py|T:Core Attack Chain|P:Core Attack Chain || NEW@<module>@Configuration.py_slice.py|T:Core Attack Chain|P:Core Attack Chain || NEW@<module>@Malware.py_slice.py|T:Core Attack Chain|P:Core Attack Chain
Spyware,33,99ba2,Core Attack Chain,Core Attack Chain,Core Attack Chain,Core Attack Chain,Core Attack Chain->Core Attack Chain,Core Attack Chain->Core Attack Chain,1,1,6,6,6,1,1,NEW@<body>@Communication.py_slice.py|T:Core Attack Chain|P:Core Attack Chain || NEW@<body>@Configuration.py_slice.py|T:Core Attack Chain|P:Core Attack Chain || NEW@<body>@Malware.py_slice.py|T:Core Attack Chain|P:Core Attack Chain || NEW@<body>@WindowTracker.py_slice.py|T:Core Attack Chain|P:Core Attack Chain || NEW@<body>@keylogger.py_slice.py|T:Core Attack Chain|P:Core Attack Chain || NEW@<module>@Malware.py_slice.py|T:Core Attack Chain|P:Core Attack Chain
Spyware,34,5d92e,Core Attack Chain,Core Attack Chain,Core Attack Chain,Core Attack Chain,Core Attack Chain->Core Attack Chain,Core Attack Chain->Core Attack Chain,1,1,4,4,4,1,1,NEW@<body>@Communication.py_slice.py|T:Core Attack Chain|P:Core Attack Chain || NEW@<body>@Malware.py_slice.py|T:Core Attack Chain|P:Core Attack Chain || NEW@<body>@keylogger.py_slice.py|T:Core Attack Chain|P:Core Attack Chain || NEW@<module>@Malware.py_slice.py|T:Core Attack Chain|P:Core Attack Chain
Spyware,35,a240a,Core Attack Chain,Core Attack Chain,Core Attack Chain,Core Attack Chain,Core Attack Chain->Core Attack Chain,Core Attack Chain->Core Attack Chain,1,1,4,4,4,1,1,NEW@<body>@Communication.py_slice.py|T:Core Attack Chain|P:Core Attack Chain || NEW@<body>@Malware.py_slice.py|T:Core Attack Chain|P:Core Attack Chain || NEW@<body>@keylogger.py_slice.py|T:Core Attack Chain|P:Core Attack Chain || NEW@<module>@Malware.py_slice.py|T:Core Attack Chain|P:Core Attack Chain
Spyware,36,3075f,Core Attack Chain,Core Attack Chain,Core Attack Chain,Core Attack Chain,Core Attack Chain->Core Attack Chain,Core Attack Chain->Core Attack Chain,1,1,4,4,4,1,1,NEW@<body>@Communication.py_slice.py|T:Core Attack Chain|P:Core Attack Chain || NEW@<body>@Malware.py_slice.py|T:Core Attack Chain|P:Core Attack Chain || NEW@<body>@keylogger.py_slice.py|T:Core Attack Chain|P:Core Attack Chain || NEW@<module>@Malware.py_slice.py|T:Core Attack Chain|P:Core Attack Chain
Spyware,37,bfadb,Core Attack Chain,Core Attack Chain,Core Attack Chain,Core Attack Chain,Core Attack Chain->Core Attack Chain,Core Attack Chain->Core Attack Chain,1,1,2,2,2,1,1,NEW@<body>@Communication.py_slice.py|T:Core Attack Chain|P:Core Attack Chain || NEW@<body>@keylogger.py_slice.py|T:Core Attack Chain|P:Core Attack Chain
Spyware,38,d1598,Core Attack Chain,Core Attack Chain,Core Attack Chain,Core Attack Chain,Core Attack Chain->Core Attack Chain,Core Attack Chain->Core Attack Chain,1,1,5,5,5,1,1,NEW@<body>@Communication.py_slice.py|T:Core Attack Chain|P:Core Attack Chain || NEW@<body>@Malware.py_slice.py|T:Core Attack Chain|P:Core Attack Chain || NEW@<body>@WindowTracker.py_slice.py|T:Core Attack Chain|P:Core Attack Chain || NEW@<body>@keylogger.py_slice.py|T:Core Attack Chain|P:Core Attack Chain || NEW@<module>@Malware.py_slice.py|T:Core Attack Chain|P:Core Attack Chain
Spyware,39,d6c88,Core Attack Chain,Core Attack Chain,Core Attack Chain,Core Attack Chain,Core Attack Chain->Core Attack Chain,Core Attack Chain->Core Attack Chain,1,1,2,2,2,1,1,NEW@<body>@Communication.py_slice.py|T:Core Attack Chain|P:Core Attack Chain || NEW@<body>@keylogger.py_slice.py|T:Core Attack Chain|P:Core Attack Chain
Spyware,40,dcccc,Core Attack Chain,Core Attack Chain,Core Attack Chain,Core Attack Chain,Core Attack Chain->Core Attack Chain,Core Attack Chain->Core Attack Chain,1,1,7,7,7,1,1,NEW@<body>@Communication.py_slice.py|T:Core Attack Chain|P:Core Attack Chain || NEW@<body>@Configuration.py_slice.py|T:Core Attack Chain|P:Core Attack Chain || NEW@<body>@Malware.py_slice.py|T:Core Attack Chain|P:Core Attack Chain || NEW@<body>@WindowTracker.py_slice.py|T:Core Attack Chain|P:Core Attack Chain || NEW@<body>@gui_Controller.py_slice.py|T:Core Attack Chain|P:Core Attack Chain || NEW@<body>@keylogger.py_slice.py|T:Core Attack Chain|P:Core Attack Chain || NEW@<module>@Malware.py_slice.py|T:Core Attack Chain|P:Core Attack Chain
Spyware,41,10f46,Core Attack Chain,Core Attack Chain,Core Attack Chain,Core Attack Chain,Core Attack Chain->Core Attack Chain,Core Attack Chain->Core Attack Chain,1,1,6,6,6,1,1,NEW@<body>@Communication.py_slice.py|T:Core Attack Chain|P:Core Attack Chain || NEW@<body>@Configuration.py_slice.py|T:Core Attack Chain|P:Core Attack Chain || NEW@<body>@Malware.py_slice.py|T:Core Attack Chain|P:Core Attack Chain || NEW@<body>@WindowTracker.py_slice.py|T:Core Attack Chain|P:Core Attack Chain || NEW@<body>@keylogger.py_slice.py|T:Core Attack Chain|P:Core Attack Chain || NEW@<module>@Malware.py_slice.py|T:Core Attack Chain|P:Core Attack Chain
Spyware,42,1e7ec,Core Attack Chain,Core Attack Chain,Core Attack Chain,Core Attack Chain,Core Attack Chain->Core Attack Chain,Core Attack Chain->Core Attack Chain,1,1,6,6,6,1,1,NEW@<body>@Communication.py_slice.py|T:Core Attack Chain|P:Core Attack Chain || NEW@<body>@Configuration.py_slice.py|T:Core Attack Chain|P:Core Attack Chain || NEW@<body>@Malware.py_slice.py|T:Core Attack Chain|P:Core Attack Chain || NEW@<body>@WindowTracker.py_slice.py|T:Core Attack Chain|P:Core Attack Chain || NEW@<body>@keylogger.py_slice.py|T:Core Attack Chain|P:Core Attack Chain || NEW@<module>@Malware.py_slice.py|T:Core Attack Chain|P:Core Attack Chain
Spyware,43,a444e,Core Attack Chain,Core Attack Chain,Core Attack Chain,Core Attack Chain,Core Attack Chain->Core Attack Chain,Core Attack Chain->Core Attack Chain,1,1,6,6,6,1,1,NEW@<body>@Communication.py_slice.py|T:Core Attack Chain|P:Core Attack Chain || NEW@<body>@Configuration.py_slice.py|T:Core Attack Chain|P:Core Attack Chain || NEW@<body>@Malware.py_slice.py|T:Core Attack Chain|P:Core Attack Chain || NEW@<body>@gui_Controller.py_slice.py|T:Core Attack Chain|P:Core Attack Chain || NEW@<body>@keylogger.py_slice.py|T:Core Attack Chain|P:Core Attack Chain || NEW@<module>@Malware.py_slice.py|T:Core Attack Chain|P:Core Attack Chain
Spyware,44,9650a,Core Attack Chain,Core Attack Chain,Core Attack Chain,Core Attack Chain,Core Attack Chain->Core Attack Chain,Core Attack Chain->Core Attack Chain,1,1,0,0,0,1,1,
Spyware,45,0b18d,Core Attack Chain,Core Attack Chain,Core Attack Chain,Core Attack Chain,Core Attack Chain->Core Attack Chain,Core Attack Chain->Core Attack Chain,1,1,4,1,1,1,1,NEW@<body>@Configuration.py_slice.py|T:Core Attack Chain|P:Core Attack Chain || NEW@<module>@gui_FileExplorer.py_slice.py|T:Undetermined|P:Undetermined || NEW@DiscoverDirectory@gui_FileExplorer.py_slice.py|T:Undetermined|P:Undetermined || NEW@WriteToFile@gui_FileExplorer.py_slice.py|T:Benign|P:Benign
Spyware,46,5c8bd,Core Attack Chain,Core Attack Chain,Core Attack Chain,Core Attack Chain,Core Attack Chain->Core Attack Chain,Core Attack Chain->Core Attack Chain,1,1,7,4,4,1,1,NEW@<body>@Communication.py_slice.py|T:Core Attack Chain|P:Core Attack Chain || NEW@<body>@Malware.py_slice.py|T:Core Attack Chain|P:Core Attack Chain || NEW@<body>@keylogger.py_slice.py|T:Core Attack Chain|P:Core Attack Chain || NEW@<module>@Malware.py_slice.py|T:Core Attack Chain|P:Core Attack Chain || NEW@<module>@gui_FileExplorer.py_slice.py|T:Undetermined|P:Undetermined || NEW@DiscoverDirectory@gui_FileExplorer.py_slice.py|T:Undetermined|P:Undetermined || NEW@WriteToFile@gui_FileExplorer.py_slice.py|T:Undetermined|P:Undetermined
TheWeirdVirus,1,da27e,Core Attack Chain,Core Attack Chain,Core Attack Chain,Full Attack Chain,Core Attack Chain->Core Attack Chain,Core Attack Chain->Full Attack Chain,1,1,1,1,1,1,0,NEW@<module>@VirusLoop.py_slice.py|T:Core Attack Chain|P:Full Attack Chain
TheWeirdVirus,2,71a89,Core Attack Chain,Core Attack Chain,Full Attack Chain,Core Attack Chain,Core Attack Chain->Core Attack Chain,Full Attack Chain->Core Attack Chain,1,1,1,1,1,1,0,NEW@<module>@VirusLoop.py_slice.py|T:Core Attack Chain|P:Core Attack Chain
TheWeirdVirus,3,eae2b,Core Attack Chain,Core Attack Chain,Core Attack Chain,Core Attack Chain,Core Attack Chain->Core Attack Chain,Core Attack Chain->Core Attack Chain,1,1,1,1,1,1,1,NEW@<module>@VirusLoop.py_slice.py|T:Core Attack Chain|P:Core Attack Chain
TheWeirdVirus,4,f71c7,Core Attack Chain,Core Attack Chain,Core Attack Chain,Core Attack Chain,Core Attack Chain->Core Attack Chain,Core Attack Chain->Core Attack Chain,1,1,1,1,1,1,1,NEW@<module>@VirusLoop.py_slice.py|T:Core Attack Chain|P:Core Attack Chain
TheWeirdVirus,5,e57d7,Core Attack Chain,Core Attack Chain,Core Attack Chain,Core Attack Chain,Core Attack Chain->Core Attack Chain,Core Attack Chain->Core Attack Chain,1,1,1,1,1,1,1,NEW@<module>@VirusLoop.py_slice.py|T:Core Attack Chain|P:Core Attack Chain
TheWeirdVirus,6,60016,Core Attack Chain,Core Attack Chain,Core Attack Chain,Core Attack Chain,Core Attack Chain->Core Attack Chain,Core Attack Chain->Core Attack Chain,1,1,1,1,1,1,1,NEW@<module>@VirusLoop.py_slice.py|T:Core Attack Chain|P:Core Attack Chain
TheWeirdVirus,7,f4649,Core Attack Chain,Core Attack Chain,Core Attack Chain,Core Attack Chain,Core Attack Chain->Core Attack Chain,Core Attack Chain->Core Attack Chain,1,1,0,0,0,1,1,
Trojan,1,f1bbe,Full Attack Chain,Full Attack Chain,Full Attack Chain,Full Attack Chain,Full Attack Chain->Full Attack Chain,Full Attack Chain->Full Attack Chain,1,1,1,1,1,1,1,NEW@<module>@trojan.py_slice.py|T:Full Attack Chain|P:Full Attack Chain
Trojan,2,aa1f3,Full Attack Chain,Full Attack Chain,Full Attack Chain,Full Attack Chain,Full Attack Chain->Full Attack Chain,Full Attack Chain->Full Attack Chain,1,1,1,1,1,1,1,NEW@<module>@trojan.py_slice.py|T:Full Attack Chain|P:Full Attack Chain
Virus-Python,2,47c8f,Core Attack Chain,Core Attack Chain,Core Attack Chain,Full Attack Chain,Core Attack Chain->Core Attack Chain,Core Attack Chain->Full Attack Chain,1,1,2,2,2,1,0,NEW@<module>@gimme_money.py_slice.py|T:Core Attack Chain|P:Full Attack Chain || NEW@<module>@unlocker.py_slice.py|T:Core Attack Chain|P:Core Attack Chain
Virus-Python,3,d52ac,Core Attack Chain,Core Attack Chain,Full Attack Chain,Core Attack Chain,Core Attack Chain->Core Attack Chain,Full Attack Chain->Core Attack Chain,1,1,1,1,1,1,0,NEW@<module>@gimme_money.py_slice.py|T:Core Attack Chain|P:Core Attack Chain
Virus-Python,6,a27ae,Core Attack Chain,Core Attack Chain,Core Attack Chain,Core Attack Chain,Core Attack Chain->Core Attack Chain,Core Attack Chain->Core Attack Chain,1,1,2,1,1,1,1,NEW@<module>@gimme_money.py_slice.py|T:Core Attack Chain|P:Core Attack Chain || NEW@<module>@unlocker.py_slice.py|T:Benign|P:Benign
Virus000,1,94bf5,Full Attack Chain,Full Attack Chain,Full Attack Chain,Full Attack Chain,Full Attack Chain->Full Attack Chain,Full Attack Chain->Full Attack Chain,1,1,3,3,3,1,1,NEW@<body>@aTTacKer.py_slice.py|T:Full Attack Chain|P:Full Attack Chain || NEW@<body>@viCtim.py_slice.py|T:Full Attack Chain|P:Full Attack Chain || NEW@<module>@aTTacKer.py_slice.py|T:Core Attack Chain|P:Core Attack Chain
Virus000,2,e7558,Full Attack Chain,Full Attack Chain,Full Attack Chain,Full Attack Chain,Full Attack Chain->Full Attack Chain,Full Attack Chain->Full Attack Chain,1,1,4,4,4,1,1,NEW@<body>@aTTacKer.py_slice.py|T:Full Attack Chain|P:Full Attack Chain || NEW@<body>@viCtim.py_slice.py|T:Full Attack Chain|P:Full Attack Chain || NEW@<module>@aTTacKer.py_slice.py|T:Core Attack Chain|P:Core Attack Chain || NEW@<module>@viCtim.py_slice.py|T:Core Attack Chain|P:Core Attack Chain
Virus000,3,ec220,Full Attack Chain,Full Attack Chain,Full Attack Chain,Full Attack Chain,Full Attack Chain->Full Attack Chain,Full Attack Chain->Full Attack Chain,1,1,4,4,4,1,1,NEW@<body>@aTTacKer.py_slice.py|T:Full Attack Chain|P:Full Attack Chain || NEW@<body>@viCtim.py_slice.py|T:Full Attack Chain|P:Full Attack Chain || NEW@<module>@aTTacKer.py_slice.py|T:Core Attack Chain|P:Core Attack Chain || NEW@<module>@viCtim.py_slice.py|T:Core Attack Chain|P:Core Attack Chain
Virus000,4,0fea8,Full Attack Chain,Full Attack Chain,Full Attack Chain,Full Attack Chain,Full Attack Chain->Full Attack Chain,Full Attack Chain->Full Attack Chain,1,1,3,3,3,1,1,NEW@<body>@viCtim.py_slice.py|T:Full Attack Chain|P:Full Attack Chain || NEW@<module>@aTTacKer.py_slice.py|T:Core Attack Chain|P:Core Attack Chain || NEW@<module>@viCtim.py_slice.py|T:Core Attack Chain|P:Core Attack Chain
Virus000,5,26784,Full Attack Chain,Full Attack Chain,Full Attack Chain,Full Attack Chain,Full Attack Chain->Full Attack Chain,Full Attack Chain->Full Attack Chain,1,1,3,3,3,1,1,NEW@<body>@aTTacKer.py_slice.py|T:Full Attack Chain|P:Full Attack Chain || NEW@<body>@viCtim.py_slice.py|T:Full Attack Chain|P:Full Attack Chain || NEW@<module>@viCtim.py_slice.py|T:Core Attack Chain|P:Core Attack Chain
Virus000,6,29176,Full Attack Chain,Full Attack Chain,Full Attack Chain,Full Attack Chain,Full Attack Chain->Full Attack Chain,Full Attack Chain->Full Attack Chain,1,1,1,1,1,1,1,NEW@<body>@viCtim.py_slice.py|T:Full Attack Chain|P:Full Attack Chain
Wormy,2,1f19d,Core Attack Chain,Core Attack Chain,Core Attack Chain,Core Attack Chain,Core Attack Chain->Core Attack Chain,Core Attack Chain->Core Attack Chain,1,1,1,1,1,1,1,NEW@<module>@wormy.py_slice.py|T:Core Attack Chain|P:Core Attack Chain
Wormy,3,0379f,Core Attack Chain,Core Attack Chain,Core Attack Chain,Core Attack Chain,Core Attack Chain->Core Attack Chain,Core Attack Chain->Core Attack Chain,1,1,1,1,1,1,1,NEW@<module>@wormy.py_slice.py|T:Core Attack Chain|P:Core Attack Chain
Wormy,4,0a648,Core Attack Chain,Core Attack Chain,Core Attack Chain,Core Attack Chain,Core Attack Chain->Core Attack Chain,Core Attack Chain->Core Attack Chain,1,1,1,1,1,1,1,NEW@<module>@wormy.py_slice.py|T:Core Attack Chain|P:Core Attack Chain
ransomware,1,164d2,Full Attack Chain,Full Attack Chain,Full Attack Chain,Full Attack Chain,Full Attack Chain->Full Attack Chain,Full Attack Chain->Full Attack Chain,1,1,2,2,2,1,1,NEW@<module>@lib_en_decrypt.py_slice.py|T:Full Attack Chain|P:Full Attack Chain || NEW@<module>@main.py_slice.py|T:Full Attack Chain|P:Full Attack Chain
ransomware,2,ae168,Full Attack Chain,Full Attack Chain,Full Attack Chain,Full Attack Chain,Full Attack Chain->Full Attack Chain,Full Attack Chain->Full Attack Chain,1,1,6,5,5,1,1,NEW@<body>@lib_mysmb.py_slice.py|T:Core Attack Chain|P:Core Attack Chain || NEW@<module>@lib_en_decrypt.py_slice.py|T:Full Attack Chain|P:Full Attack Chain || NEW@<module>@lib_eternal_checker.py_slice.py|T:Benign|P:Benign || NEW@<module>@lib_system_manager.py_slice.py|T:Core Attack Chain|P:Core Attack Chain || NEW@<module>@lib_zzz_exploit.py_slice.py|T:Full Attack Chain|P:Full Attack Chain || NEW@<module>@main.py_slice.py|T:Full Attack Chain|P:Full Attack Chain
ransomware_malware,1,edfec,Core Attack Chain,Core Attack Chain,Core Attack Chain,Core Attack Chain,Core Attack Chain->Core Attack Chain,Core Attack Chain->Core Attack Chain,1,1,1,1,1,1,1,NEW@<body>@ransomware.py_slice.py|T:Core Attack Chain|P:Core Attack Chain
ransomware_malware,2,24bd1,Core Attack Chain,Core Attack Chain,Core Attack Chain,Core Attack Chain,Core Attack Chain->Core Attack Chain,Core Attack Chain->Core Attack Chain,1,1,0,0,0,1,1,
ransomware_malware,5,c9186,Core Attack Chain,Core Attack Chain,Core Attack Chain,Core Attack Chain,Core Attack Chain->Core Attack Chain,Core Attack Chain->Core Attack Chain,1,1,0,0,0,1,1,
shameleon,1,00828,Core Attack Chain,Core Attack Chain,Core Attack Chain,Core Attack Chain,Core Attack Chain->Core Attack Chain,Core Attack Chain->Core Attack Chain,1,1,4,1,0,1,1,NEW@<body>@shameleon_client_providers_base.py_slice.py|T:Undetermined|P:Undetermined || NEW@<module>@client.py_slice.py|T:Core Attack Chain|P:Undetermined || NEW@_get_payload@shameleon_client_providers_dummy.py_slice.py|T:Undetermined|P:Undetermined || NEW@_send_payload@shameleon_client_providers_dummy.py_slice.py|T:Undetermined|P:Undetermined
shameleon,2,04c56,Core Attack Chain,Core Attack Chain,Core Attack Chain,Core Attack Chain,Core Attack Chain->Core Attack Chain,Core Attack Chain->Core Attack Chain,1,1,2,1,1,1,1,NEW@<body>@shameleon_client_providers_dummy.py_slice.py|T:Undetermined|P:Undetermined || NEW@<module>@client.py_slice.py|T:Core Attack Chain|P:Core Attack Chain
shameleon,3,01a49,Core Attack Chain,Core Attack Chain,Core Attack Chain,Core Attack Chain,Core Attack Chain->Core Attack Chain,Core Attack Chain->Core Attack Chain,1,1,2,2,2,1,1,NEW@<body>@shameleon_client_modules_shell.py_slice.py|T:Core Attack Chain|P:Core Attack Chain || NEW@<module>@client.py_slice.py|T:Core Attack Chain|P:Core Attack Chain
shameleon,4,0aec7,Core Attack Chain,Core Attack Chain,Core Attack Chain,Core Attack Chain,Core Attack Chain->Core Attack Chain,Core Attack Chain->Core Attack Chain,1,1,0,0,0,1,1,
shameleon,5,5ddd3,Core Attack Chain,Core Attack Chain,Core Attack Chain,Core Attack Chain,Core Attack Chain->Core Attack Chain,Core Attack Chain->Core Attack Chain,1,1,3,3,3,1,1,NEW@<body>@shameleon_client_providers_dummy.py_slice.py|T:Core Attack Chain|P:Core Attack Chain || NEW@<body>@shameleon_client_providers_loki.py_slice.py|T:Core Attack Chain|P:Core Attack Chain || NEW@<module>@client.py_slice.py|T:Core Attack Chain|P:Core Attack Chain
shameleon,7,6486f,Full Attack Chain,Full Attack Chain,Full Attack Chain,Full Attack Chain,Full Attack Chain->Full Attack Chain,Full Attack Chain->Full Attack Chain,1,1,1,1,1,1,1,NEW@<module>@builder.py_slice.py|T:Full Attack Chain|P:Full Attack Chain
shameleon,8,0bb1e,Full Attack Chain,Full Attack Chain,Full Attack Chain,Full Attack Chain,Full Attack Chain->Full Attack Chain,Full Attack Chain->Full Attack Chain,1,1,2,2,2,1,1,NEW@<module>@builder.py_slice.py|T:Full Attack Chain|P:Full Attack Chain || NEW@<module>@client.py_slice.py|T:Core Attack Chain|P:Core Attack Chain
shameleon,9,2e87b,Full Attack Chain,Full Attack Chain,Full Attack Chain,Full Attack Chain,Full Attack Chain->Full Attack Chain,Full Attack Chain->Full Attack Chain,1,1,5,5,5,1,1,NEW@<body>@shameleon_client_modules_shell.py_slice.py|T:Core Attack Chain|P:Core Attack Chain || NEW@<body>@shameleon_client_providers_dummy.py_slice.py|T:Core Attack Chain|P:Core Attack Chain || NEW@<body>@shameleon_client_providers_loki.py_slice.py|T:Core Attack Chain|P:Core Attack Chain || NEW@<module>@builder.py_slice.py|T:Full Attack Chain|P:Full Attack Chain || NEW@<module>@client.py_slice.py|T:Core Attack Chain|P:Core Attack Chain
shameleon,10,0a26f,Full Attack Chain,Full Attack Chain,Full Attack Chain,Full Attack Chain,Full Attack Chain->Full Attack Chain,Full Attack Chain->Full Attack Chain,1,1,5,5,5,1,1,NEW@<body>@shameleon_client_providers_dummy.py_slice.py|T:Core Attack Chain|P:Core Attack Chain || NEW@<body>@shameleon_client_providers_loki.py_slice.py|T:Core Attack Chain|P:Core Attack Chain || NEW@<body>@shameleon_client_server.py_slice.py|T:Core Attack Chain|P:Core Attack Chain || NEW@<module>@builder.py_slice.py|T:Full Attack Chain|P:Full Attack Chain || NEW@<module>@client.py_slice.py|T:Core Attack Chain|P:Core Attack Chain
simple-virus-python,2,e0242,Core Attack Chain,Core Attack Chain,Core Attack Chain,Core Attack Chain,Core Attack Chain->Core Attack Chain,Core Attack Chain->Core Attack Chain,1,1,1,1,1,1,1,NEW@<module>@virus.py_slice.py|T:Core Attack Chain|P:Core Attack Chain
simple-virus-python,7,96bdc,Core Attack Chain,Core Attack Chain,Core Attack Chain,Core Attack Chain,Core Attack Chain->Core Attack Chain,Core Attack Chain->Core Attack Chain,1,1,1,0,0,1,1,NEW@<module>@search.py_slice.py|T:Benign|P:Benign
simple-virus-python,8,57022,Core Attack Chain,Core Attack Chain,Core Attack Chain,Core Attack Chain,Core Attack Chain->Core Attack Chain,Core Attack Chain->Core Attack Chain,1,1,1,1,1,1,1,NEW@<module>@virus.py_slice.py|T:Core Attack Chain|P:Core Attack Chain
simple-virus-python,9,7008e,Core Attack Chain,Core Attack Chain,Core Attack Chain,Core Attack Chain,Core Attack Chain->Core Attack Chain,Core Attack Chain->Core Attack Chain,1,1,1,0,0,1,1,NEW@<module>@search.py_slice.py|T:Benign|P:Benign
simple-virus-python,10,3c1c7,Core Attack Chain,Core Attack Chain,Core Attack Chain,Core Attack Chain,Core Attack Chain->Core Attack Chain,Core Attack Chain->Core Attack Chain,1,1,1,1,1,1,1,NEW@<module>@virus.py_slice.py|T:Core Attack Chain|P:Core Attack Chain
simple-virus-python,11,bb9b9,Core Attack Chain,Core Attack Chain,Core Attack Chain,Core Attack Chain,Core Attack Chain->Core Attack Chain,Core Attack Chain->Core Attack Chain,1,1,1,1,1,1,1,NEW@<module>@virus.py_slice.py|T:Core Attack Chain|P:Core Attack Chain
simple-virus-python,12,43792,Core Attack Chain,Core Attack Chain,Core Attack Chain,Core Attack Chain,Core Attack Chain->Core Attack Chain,Core Attack Chain->Core Attack Chain,1,1,3,2,2,1,1,NEW@<module>@search.py_slice.py|T:Benign|P:Benign || NEW@<module>@virus.py_slice.py|T:Core Attack Chain|P:Core Attack Chain || NEW@infect@virus.py_slice.py|T:Core Attack Chain|P:Core Attack Chain
simple-virus-python,13,09236,Core Attack Chain,Core Attack Chain,Core Attack Chain,Core Attack Chain,Core Attack Chain->Core Attack Chain,Core Attack Chain->Core Attack Chain,1,1,0,0,0,1,1,
virus,3,a9fa3,Full Attack Chain,Full Attack Chain,Full Attack Chain,Full Attack Chain,Full Attack Chain->Full Attack Chain,Full Attack Chain->Full Attack Chain,1,1,2,1,1,1,1,NEW@<module>@antivirus.py_slice.py|T:Benign|P:Benign || NEW@<module>@virus.py_slice.py|T:Full Attack Chain|P:Full Attack Chain
virus,4,41627,Full Attack Chain,Full Attack Chain,Full Attack Chain,Full Attack Chain,Full Attack Chain->Full Attack Chain,Full Attack Chain->Full Attack Chain,1,1,1,0,0,1,1,NEW@<module>@antivirus.py_slice.py|T:Undetermined|P:Undetermined
virus,5,3926d,Full Attack Chain,Full Attack Chain,Full Attack Chain,Full Attack Chain,Full Attack Chain->Full Attack Chain,Full Attack Chain->Full Attack Chain,1,1,2,1,1,1,1,NEW@<module>@antivirus.py_slice.py|T:Benign|P:Benign || NEW@<module>@virus.py_slice.py|T:Full Attack Chain|P:Full Attack Chain
virus,6,336b5,Full Attack Chain,Full Attack Chain,Full Attack Chain,Full Attack Chain,Full Attack Chain->Full Attack Chain,Full Attack Chain->Full Attack Chain,1,1,2,1,1,1,1,NEW@<module>@antivirus.py_slice.py|T:Benign|P:Benign || NEW@<module>@virus.py_slice.py|T:Full Attack Chain|P:Full Attack Chain
virus-chan,3,dd198,Full Attack Chain,Full Attack Chain,Full Attack Chain,Full Attack Chain,Full Attack Chain->Full Attack Chain,Full Attack Chain->Full Attack Chain,1,1,1,1,1,1,1,NEW@<module>@Viirused.py_slice.py|T:Full Attack Chain|P:Full Attack Chain
virus-chan,4,8d638,Full Attack Chain,Full Attack Chain,Full Attack Chain,Full Attack Chain,Full Attack Chain->Full Attack Chain,Full Attack Chain->Full Attack Chain,1,1,1,1,1,1,1,NEW@<module>@Viirused.py_slice.py|T:Full Attack Chain|P:Full Attack Chain
virus-replicator,2,31a52,Core Attack Chain,Core Attack Chain,Core Attack Chain,Core Attack Chain,Core Attack Chain->Core Attack Chain,Core Attack Chain->Core Attack Chain,1,1,0,0,0,1,1,
virus-replicator,3,f9d3f,Core Attack Chain,Core Attack Chain,Core Attack Chain,Core Attack Chain,Core Attack Chain->Core Attack Chain,Core Attack Chain->Core Attack Chain,1,1,0,0,0,1,1,
virus-replicator,4,18773,Core Attack Chain,Core Attack Chain,Core Attack Chain,Core Attack Chain,Core Attack Chain->Core Attack Chain,Core Attack Chain->Core Attack Chain,1,1,0,0,0,1,1,
virus-replicator,5,acf95,Core Attack Chain,Core Attack Chain,Core Attack Chain,Core Attack Chain,Core Attack Chain->Core Attack Chain,Core Attack Chain->Core Attack Chain,1,1,0,0,0,1,1,
virus-replicator,6,26c97,Core Attack Chain,Core Attack Chain,Core Attack Chain,Core Attack Chain,Core Attack Chain->Core Attack Chain,Core Attack Chain->Core Attack Chain,1,1,1,1,1,1,1,NEW@<module>@main.py_slice.py|T:Core Attack Chain|P:Core Attack Chain
virus-replicator,7,01519,Core Attack Chain,Core Attack Chain,Core Attack Chain,Core Attack Chain,Core Attack Chain->Core Attack Chain,Core Attack Chain->Core Attack Chain,1,1,0,0,0,1,1,
virus-replicator,8,4dbd7,Core Attack Chain,Core Attack Chain,Core Attack Chain,Core Attack Chain,Core Attack Chain->Core Attack Chain,Core Attack Chain->Core Attack Chain,1,1,1,1,1,1,1,NEW@<module>@main.py_slice.py|T:Core Attack Chain|P:Core Attack Chain
virus-replicator,9,739a0,Core Attack Chain,Core Attack Chain,Core Attack Chain,Core Attack Chain,Core Attack Chain->Core Attack Chain,Core Attack Chain->Core Attack Chain,1,1,1,1,1,1,1,NEW@<module>@main.py_slice.py|T:Core Attack Chain|P:Core Attack Chain
virus-replicator,11,668bb,Full Attack Chain,Full Attack Chain,Full Attack Chain,Full Attack Chain,Full Attack Chain->Full Attack Chain,Full Attack Chain->Full Attack Chain,1,1,1,0,0,1,1,NEW@<module>@test.py_slice.py|T:Benign|P:Benign
virus.py,3,f97d4,Full Attack Chain,Full Attack Chain,Full Attack Chain,Full Attack Chain,Full Attack Chain->Full Attack Chain,Full Attack Chain->Full Attack Chain,1,1,1,1,1,1,1,NEW@<module>@main.py_slice.py|T:Full Attack Chain|P:Full Attack Chain
virus.py,4,81900,Full Attack Chain,Full Attack Chain,Full Attack Chain,Full Attack Chain,Full Attack Chain->Full Attack Chain,Full Attack Chain->Full Attack Chain,1,1,1,1,1,1,1,NEW@<module>@main.py_slice.py|T:Full Attack Chain|P:Full Attack Chain
virus.py,5,a2151,Full Attack Chain,Full Attack Chain,Full Attack Chain,Full Attack Chain,Full Attack Chain->Full Attack Chain,Full Attack Chain->Full Attack Chain,1,1,1,1,1,1,1,NEW@<module>@main.py_slice.py|T:Full Attack Chain|P:Full Attack Chain
virus.py,6,1c8b3,Full Attack Chain,Full Attack Chain,Full Attack Chain,Full Attack Chain,Full Attack Chain->Full Attack Chain,Full Attack Chain->Full Attack Chain,1,1,1,1,1,1,1,NEW@<module>@main.py_slice.py|T:Full Attack Chain|P:Full Attack Chain
virus.py,7,6c1a3,Full Attack Chain,Full Attack Chain,Full Attack Chain,Full Attack Chain,Full Attack Chain->Full Attack Chain,Full Attack Chain->Full Attack Chain,1,1,0,0,0,1,1,
virus.py,8,44e31,Full Attack Chain,Full Attack Chain,Full Attack Chain,Full Attack Chain,Full Attack Chain->Full Attack Chain,Full Attack Chain->Full Attack Chain,1,1,0,0,0,1,1,
virus.py,9,8843d,Full Attack Chain,Full Attack Chain,Full Attack Chain,Full Attack Chain,Full Attack Chain->Full Attack Chain,Full Attack Chain->Full Attack Chain,1,1,1,1,1,1,1,NEW@<module>@main.py_slice.py|T:Full Attack Chain|P:Full Attack Chain
virus.py,10,967ec,Full Attack Chain,Full Attack Chain,Full Attack Chain,Full Attack Chain,Full Attack Chain->Full Attack Chain,Full Attack Chain->Full Attack Chain,1,1,1,1,1,1,1,NEW@<module>@main.py_slice.py|T:Full Attack Chain|P:Full Attack Chain
wanna-smile,2,b8055,Full Attack Chain,Full Attack Chain,Full Attack Chain,Full Attack Chain,Full Attack Chain->Full Attack Chain,Full Attack Chain->Full Attack Chain,1,1,1,1,1,1,1,NEW@<module>@main.py_slice.py|T:Full Attack Chain|P:Full Attack Chain
wanna-smile,3,822b7,Full Attack Chain,Full Attack Chain,Full Attack Chain,Full Attack Chain,Full Attack Chain->Full Attack Chain,Full Attack Chain->Full Attack Chain,1,1,1,1,1,1,1,NEW@<module>@main.py_slice.py|T:Full Attack Chain|P:Full Attack Chain
wanna-smile,5,11ee6,Full Attack Chain,Full Attack Chain,Full Attack Chain,Full Attack Chain,Full Attack Chain->Full Attack Chain,Full Attack Chain->Full Attack Chain,1,1,0,0,0,1,1,
wanna-smile,7,4d56b,Full Attack Chain,Full Attack Chain,Full Attack Chain,Full Attack Chain,Full Attack Chain->Full Attack Chain,Full Attack Chain->Full Attack Chain,1,1,1,1,1,1,1,NEW@<module>@wanna-smile.py_slice.py|T:Full Attack Chain|P:Full Attack Chain
wanna-smile,8,1d361,Full Attack Chain,Full Attack Chain,Full Attack Chain,Full Attack Chain,Full Attack Chain->Full Attack Chain,Full Attack Chain->Full Attack Chain,1,1,2,1,1,1,1,NEW@<module>@bin_wanna-smile.py_slice.py|T:Full Attack Chain|P:Full Attack Chain || NEW@<module>@bin_wanna-smile_SILENT_RUNNER.py_slice.py|T:Undetermined|P:Undetermined
wanna-smile,10,3355f,Full Attack Chain,Full Attack Chain,Full Attack Chain,Full Attack Chain,Full Attack Chain->Full Attack Chain,Full Attack Chain->Full Attack Chain,1,1,0,0,0,1,1,
wanna-smile,11,dfb17,Full Attack Chain,Full Attack Chain,Full Attack Chain,Full Attack Chain,Full Attack Chain->Full Attack Chain,Full Attack Chain->Full Attack Chain,1,1,2,1,1,1,1,NEW@<module>@old_wanna-smile.py_slice.py|T:Full Attack Chain|P:Full Attack Chain || NEW@<module>@old_wanna-smile_SILENT_RUNNER.py_slice.py|T:Undetermined|P:Undetermined
wanna-smile,12,a3479,Full Attack Chain,Full Attack Chain,Full Attack Chain,Full Attack Chain,Full Attack Chain->Full Attack Chain,Full Attack Chain->Full Attack Chain,1,1,2,1,2,1,1,NEW@<module>@bin_wanna-smile.py_slice.py|T:Full Attack Chain|P:Full Attack Chain || NEW@<module>@bin_wanna-smile_SILENT_RUNNER.py_slice.py|T:Undetermined|P:Core Attack Chain
wanna-smile,13,0ccc5,Full Attack Chain,Full Attack Chain,Full Attack Chain,Core Attack Chain,Full Attack Chain->Full Attack Chain,Full Attack Chain->Core Attack Chain,1,1,1,1,1,1,0,NEW@<module>@bin_wanna-smile.py_slice.py|T:Full Attack Chain|P:Core Attack Chain
wanna-smile,14,e9458,Full Attack Chain,Undetermined,Core Attack Chain,Core Attack Chain,Full Attack Chain->Undetermined,Core Attack Chain->Core Attack Chain,0,1,0,0,0,0,1,
